delay,freq,conditions,thisN,thisTrialN,thisRepN,key_resp.keys,key_resp.rt,key_resp.duration,textbox.text,button.numClicks,button.timesOn,button.timesOff,trials.thisRepN,trials.thisTrialN,trials.thisN,trials.thisIndex,thisRow.t,notes,trial.started,polygon.started,polygon_2.started,key_resp.started,polygon.stopped,trial.stopped,trials.key_resp.keys,trials.key_resp.rt,trials.key_resp.duration,beep.started,sound_1.started,sound_1.stopped,beep.stopped,response.started,text.started,textbox.started,button.started,response.stopped,trials.textbox.text,trials.button.numClicks,trials.button.timesOn,trials.button.timesOff,participant,session,date,expName,expVersion,psychopyVersion,frameRate,expStart
0.1,1000,exp,0,0,0,space,5.8106466,None,100,1,[3.5665533002465963],[3.566568000242114],0,0,0,3,0.070313,,0.0442917,0.070313,1.0029918,1.0029918,1.086032,6.8217148,space,5.8106466,None,6.8230648,0.1142653,0.4139703,7.2547254,7.2558296,7.3016724,7.3016724,7.3016724,10.8686748,100,1,[3.5665533002465963],[3.566568000242114],P_01,1,2025-11-02_17h57.55.349,INTENTIONAL BINDING EXPERIMENT,,2025.1.1,59.93712596,2025-11-02 17h58.10.314492 +0530
0.4,1000,exp,1,1,0,space,0.4055588,None,250,1,[3.5324432998895645],[3.532453100197017],0,1,1,7,10.8835825,,10.8690973,10.8835825,11.8695504,11.8695504,11.8857018,12.2867395,space,0.4055588,None,12.2877266,0.4155671,0.7159415,13.0215561,13.0221567,13.0512504,13.0512504,13.0512504,16.584077,250,1,[3.5324432998895645],[3.532453100197017],P_01,1,2025-11-02_17h57.55.349,INTENTIONAL BINDING EXPERIMENT,,2025.1.1,59.93712596,2025-11-02 17h58.10.314492 +0530
0.1,1000,exp,2,2,0,space,1.3415219,None,500,1,[2.06669930042699],[2.06671110028401],0,2,2,9,16.5990919,,16.5843926,16.5990919,17.5852654,17.5852654,17.6016469,18.9351527,space,1.3415219,None,18.9362638,0.099613,0.3996226,19.3457973,19.3464259,19.3653966,19.3653966,19.3653966,21.4324789,500,1,[2.06669930042699],[2.06671110028401],P_01,1,2025-11-02_17h57.55.349,INTENTIONAL BINDING EXPERIMENT,,2025.1.1,59.93712596,2025-11-02 17h58.10.314492 +0530
0.1,1000,exp,3,3,0,space,0.6202544,None,300,1,[1.9680631002411246],[1.9680750002153218],0,3,3,6,21.4485184,,21.4327772,21.4485184,22.4346407,22.4346407,22.4496094,23.0666741,space,0.6202544,None,23.0675026,0.1149782,0.414608,23.4970097,23.497492,23.5136951,23.5136951,23.5136951,25.4821446,300,1,[1.9680631002411246],[1.9680750002153218],P_01,1,2025-11-02_17h57.55.349,INTENTIONAL BINDING EXPERIMENT,,2025.1.1,59.93712596,2025-11-02 17h58.10.314492 +0530
0.7,1000,exp,4,4,0,space,0.3122021,None,600,1,[4.249623300042003],[4.24964000005275],0,4,4,5,25.4977978,,25.4824325,25.4977978,26.4836426,26.4836426,26.5001274,26.8009188,space,0.3122021,None,26.8016882,0.699769,0.9993669,27.8154473,27.8160863,27.8308044,27.8308044,27.8308044,32.0808322,600,1,[4.249623300042003],[4.24964000005275],P_01,1,2025-11-02_17h57.55.349,INTENTIONAL BINDING EXPERIMENT,,2025.1.1,59.93712596,2025-11-02 17h58.10.314492 +0530
0.7,1000,exp,5,5,0,space,0.3150349,None,700,1,[3.498108900152147],[3.4981219000183046],0,5,5,11,32.0970254,,32.081225,32.0970254,33.0824361,33.0824361,33.0991212,33.4004016,space,0.3150349,None,33.4014479,0.7153159,1.0151665,34.4324886,34.4330814,34.465032,34.465032,34.465032,37.9635905,700,1,[3.498108900152147],[3.4981219000183046],P_01,1,2025-11-02_17h57.55.349,INTENTIONAL BINDING EXPERIMENT,,2025.1.1,59.93712596,2025-11-02 17h58.10.314492 +0530
0.7,400,unexp,6,6,0,space,1.4119136,None,800,1,[3.249724700115621],[3.249737999867648],0,6,6,2,37.9794475,,37.9639417,37.9794475,38.9652202,38.9652202,38.9796488,40.379845,space,1.4119136,None,40.3807313,0.6994398,1.000075,41.3941087,41.394946,41.411591,41.411591,41.411591,44.6617168,800,1,[3.249724700115621],[3.249737999867648],P_01,1,2025-11-02_17h57.55.349,INTENTIONAL BINDING EXPERIMENT,,2025.1.1,59.93712596,2025-11-02 17h58.10.314492 +0530
0.7,1000,exp,7,7,0,space,0.3360473,None,300,1,[1.7008917001076043],[1.7009066003374755],0,7,7,8,44.6782329,,44.6621071,44.6782329,45.6627045,45.6627045,45.6791083,46.0116053,space,0.3360473,None,46.0124792,0.6996634,1.0020425,47.0260506,47.0269058,47.0440879,47.0440879,47.0440879,48.7454202,300,1,[1.7008917001076043],[1.7009066003374755],P_01,1,2025-11-02_17h57.55.349,INTENTIONAL BINDING EXPERIMENT,,2025.1.1,59.93712596,2025-11-02 17h58.10.314492 +0530
0.4,1000,exp,8,8,0,space,0.8796038,None,400,1,[3.650285500101745],[3.6502954000607133],0,8,8,10,48.7604889,,48.7457922,48.7604889,49.7459095,49.7459095,49.7620417,50.6301793,space,0.8796038,None,50.6310813,0.3995246,0.7145933,51.3478654,51.3484143,51.3761543,51.3761543,51.3761543,55.0267877,400,1,[3.650285500101745],[3.6502954000607133],P_01,1,2025-11-02_17h57.55.349,INTENTIONAL BINDING EXPERIMENT,,2025.1.1,59.93712596,2025-11-02 17h58.10.314492 +0530
0.1,400,unexp,9,9,0,space,7.1887136,None,500,1,[3.2320213997736573],[3.232034500222653],0,9,9,0,55.0432949,,55.0270848,55.0432949,56.0277627,56.0277627,56.0434481,63.2280478,space,7.1887136,None,63.2288241,0.1000054,0.3999725,63.6437388,63.644513,63.6760797,63.6760797,63.6760797,66.9085176,500,1,[3.2320213997736573],[3.232034500222653],P_01,1,2025-11-02_17h57.55.349,INTENTIONAL BINDING EXPERIMENT,,2025.1.1,59.93712596,2025-11-02 17h58.10.314492 +0530
0.4,400,unexp,10,10,0,space,0.3126443,None,300,1,[3.383301599882543],[3.383317600004375],0,10,10,1,66.9246565,,66.9088982,66.9246565,67.9086497,67.9086497,67.9248518,68.2270857,space,0.3126443,None,68.2280949,0.4160415,0.7152542,68.9588101,68.9594149,68.9737052,68.9737052,68.9737052,72.3573838,300,1,[3.383301599882543],[3.383317600004375],P_01,1,2025-11-02_17h57.55.349,INTENTIONAL BINDING EXPERIMENT,,2025.1.1,59.93712596,2025-11-02 17h58.10.314492 +0530
0.4,1000,exp,11,11,0,space,0.82372,None,200,1,[7.732984299771488],[7.732994199730456],0,11,11,4,72.3732105,,72.3577413,72.3732105,73.3576623,73.3576623,73.3759553,74.192844,space,0.82372,None,74.1939138,0.3996928,0.6991795,74.9079207,74.908556,74.9228039,74.9228039,74.9228039,82.6561481,200,1,[7.732984299771488],[7.732994199730456],P_01,1,2025-11-02_17h57.55.349,INTENTIONAL BINDING EXPERIMENT,,2025.1.1,59.93712596,2025-11-02 17h58.10.314492 +0530
0.7,1000,exp,12,0,1,space,0.5153045,None,300,1,[3.31682510022074],[3.3168367999605834],1,0,12,5,82.6719843,,82.6564492,82.6719843,83.656006,83.656006,83.6736756,84.1748794,space,0.5153045,None,84.1757633,0.7138758,1.0157277,85.201998,85.2027731,85.2213356,85.2213356,85.2213356,88.5385513,300,1,[3.31682510022074],[3.3168367999605834],P_01,1,2025-11-02_17h57.55.349,INTENTIONAL BINDING EXPERIMENT,,2025.1.1,59.93712596,2025-11-02 17h58.10.314492 +0530
0.7,1000,exp,13,1,1,space,1.5223912,None,400,1,[2.066268799826503],[2.0662814998067915],1,1,13,8,88.5541134,,88.5388578,88.5541134,89.5392081,89.5392081,89.5567739,91.0736384,space,1.5223912,None,91.074426,0.6993834,0.9989767,92.0807101,92.0813727,92.1044704,92.1044704,92.1044704,94.171219,400,1,[2.066268799826503],[2.0662814998067915],P_01,1,2025-11-02_17h57.55.349,INTENTIONAL BINDING EXPERIMENT,,2025.1.1,59.93712596,2025-11-02 17h58.10.314492 +0530
0.1,1000,exp,14,2,1,space,1.6559319,None,250,1,[4.066309100016952],[4.066319199744612],1,2,14,9,94.1861354,,94.1715041,94.1861354,95.1717212,95.1717212,95.1878945,96.8393813,space,1.6559319,None,96.8404401,0.0994606,0.4153169,97.2582156,97.2587765,97.2871749,97.2871749,97.2871749,101.3538512,250,1,[4.066309100016952],[4.066319199744612],P_01,1,2025-11-02_17h57.55.349,INTENTIONAL BINDING EXPERIMENT,,2025.1.1,59.93712596,2025-11-02 17h58.10.314492 +0530
0.1,400,unexp,15,3,1,space,2.8072759,None,500,1,[3.9474236997775733],[3.947433600202203],1,3,15,0,101.3685811,,101.3541399,101.3685811,102.3543251,102.3543251,102.37094,105.171353,space,2.8072759,None,105.1721818,0.1161686,0.4302325,105.6019218,105.6025633,105.6203373,105.6203373,105.6203373,109.5681359,500,1,[3.9474236997775733],[3.947433600202203],P_01,1,2025-11-02_17h57.55.349,INTENTIONAL BINDING EXPERIMENT,,2025.1.1,59.93712596,2025-11-02 17h58.10.314492 +0530
0.1,1000,exp,16,4,1,space,0.8899399,None,600,1,[2.1315365000627935],[2.131548599805683],1,4,16,3,109.5840398,,109.5684182,109.5840398,110.5699989,110.5699989,110.5864519,111.4702092,space,0.8899399,None,111.4710832,0.1138782,0.416094,111.9053184,111.9059319,111.9357362,111.9357362,111.9357362,114.0676831,600,1,[2.1315365000627935],[2.131548599805683],P_01,1,2025-11-02_17h57.55.349,INTENTIONAL BINDING EXPERIMENT,,2025.1.1,59.93712596,2025-11-02 17h58.10.314492 +0530
0.4,1000,exp,17,5,1,space,0.6003464,None,400,1,[2.3333745999261737],[2.3333848998881876],1,5,17,7,114.0828971,,114.0679657,114.0828971,115.0688316,115.0688316,115.0852884,115.6865931,space,0.6003464,None,115.6873777,0.3990775,0.6985169,116.4008911,116.4015612,116.4170434,116.4170434,116.4170434,118.7507764,400,1,[2.3333745999261737],[2.3333848998881876],P_01,1,2025-11-02_17h57.55.349,INTENTIONAL BINDING EXPERIMENT,,2025.1.1,59.93712596,2025-11-02 17h58.10.314492 +0530
0.1,1000,exp,18,6,1,space,0.4585564,None,500,1,[2.917654599994421],[2.917665899731219],1,6,18,6,118.7661976,,118.7510529,118.7661976,119.7675888,119.7675888,119.7675888,120.2348546,space,0.4585564,None,120.2356717,0.0994883,0.3992901,120.6513325,120.6519099,120.6826205,120.6826205,120.6826205,123.6007091,500,1,[2.917654599994421],[2.917665899731219],P_01,1,2025-11-02_17h57.55.349,INTENTIONAL BINDING EXPERIMENT,,2025.1.1,59.93712596,2025-11-02 17h58.10.314492 +0530
0.4,400,unexp,19,7,1,space,0.8392823,None,600,1,[2.0336361001245677],[2.03364560008049],1,7,19,1,123.6161339,,123.6010102,123.6161339,124.6013161,124.6013161,124.6173011,125.4511851,space,0.8392823,None,125.4519743,0.3999197,0.6995651,126.162504,126.1632221,126.1814604,126.1814604,126.1814604,128.215437,600,1,[2.0336361001245677],[2.03364560008049],P_01,1,2025-11-02_17h57.55.349,INTENTIONAL BINDING EXPERIMENT,,2025.1.1,59.93712596,2025-11-02 17h58.10.314492 +0530
0.7,400,unexp,20,8,1,space,0.3395198,None,600,1,[2.100455899722874],[2.100472299847752],1,8,20,2,128.2313875,,128.2157215,128.2313875,129.2150849,129.2150849,129.2335006,129.5655264,space,0.3395198,None,129.5663461,0.6995674,1.0014437,130.5785501,130.5792745,130.5976892,130.5976892,130.5976892,132.6985392,600,1,[2.100455899722874],[2.100472299847752],P_01,1,2025-11-02_17h57.55.349,INTENTIONAL BINDING EXPERIMENT,,2025.1.1,59.93712596,2025-11-02 17h58.10.314492 +0530
0.4,1000,exp,21,9,1,space,0.6314929,None,700,1,[2.1823859997093678],[2.182405899744481],1,9,21,10,132.713693,,132.6988575,132.713693,133.7140603,133.7140603,133.7140603,134.349765,space,0.6314929,None,134.3509452,0.4139298,0.7162322,135.0825423,135.0831397,135.115032,135.115032,135.115032,137.2979021,700,1,[2.1823859997093678],[2.182405899744481],P_01,1,2025-11-02_17h57.55.349,INTENTIONAL BINDING EXPERIMENT,,2025.1.1,59.93712596,2025-11-02 17h58.10.314492 +0530
0.4,1000,exp,22,10,1,space,0.7660006,None,500,1,[2.432039000093937],[2.4320539999753237],1,10,22,4,137.3124382,,137.298266,137.3124382,138.2963378,138.2963378,138.3149181,139.0657693,space,0.7660006,None,139.0666349,0.3994109,0.6993352,139.7830988,139.783736,139.8136756,139.8136756,139.8136756,142.2462606,500,1,[2.432039000093937],[2.4320539999753237],P_01,1,2025-11-02_17h57.55.349,INTENTIONAL BINDING EXPERIMENT,,2025.1.1,59.93712596,2025-11-02 17h58.10.314492 +0530
0.7,1000,exp,23,11,1,space,0.3318475,None,900,1,[3.2991428999230266],[3.299155999906361],1,11,23,11,142.2622557,,142.2466136,142.2622557,143.2480283,143.2480283,143.2649601,143.5814613,space,0.3318475,None,143.5822509,0.7151152,1.0162223,144.6187245,144.6193622,144.6467337,144.6467337,144.6467337,147.9463338,900,1,[3.2991428999230266],[3.299155999906361],P_01,1,2025-11-02_17h57.55.349,INTENTIONAL BINDING EXPERIMENT,,2025.1.1,59.93712596,2025-11-02 17h58.10.314492 +0530
0.1,1000,exp,24,0,2,space,0.3279329,None,100,1,[3.1658374997787178],[3.16585039999336],2,0,24,3,147.9612184,,147.9467063,147.9612184,148.9633081,148.9633081,148.9633081,149.2971012,space,0.3279329,None,149.2978644,0.0997054,0.399878,149.7019589,149.7025316,149.7283525,149.7283525,149.7283525,152.8946449,100,1,[3.1658374997787178],[3.16585039999336],P_01,1,2025-11-02_17h57.55.349,INTENTIONAL BINDING EXPERIMENT,,2025.1.1,59.93712596,2025-11-02 17h58.10.314492 +0530
0.4,1000,exp,25,1,2,space,0.5049092,None,200,1,[2.4843840999528766],[2.4843982001766562],2,1,25,10,152.9104362,,152.8950012,152.9104362,153.8960155,153.8960155,153.9117023,154.4130154,space,0.5049092,None,154.4140565,0.3994788,0.6992962,155.1238239,155.1244583,155.1429606,155.1429606,155.1429606,157.6278589,200,1,[2.4843840999528766],[2.4843982001766562],P_01,1,2025-11-02_17h57.55.349,INTENTIONAL BINDING EXPERIMENT,,2025.1.1,59.93712596,2025-11-02 17h58.10.314492 +0530
0.7,1000,exp,26,2,2,space,0.3179966,None,350,1,[1.999291299842298],[1.9993014996871352],2,2,26,8,157.6425407,,157.6282577,157.6425407,158.6295575,158.6295575,158.64412,158.9611186,space,0.3179966,None,158.9621477,0.6991709,1.0001315,159.9789295,159.9794936,160.0106658,160.0106658,160.0106658,162.0104064,350,1,[1.999291299842298],[1.9993014996871352],P_01,1,2025-11-02_17h57.55.349,INTENTIONAL BINDING EXPERIMENT,,2025.1.1,59.93712596,2025-11-02 17h58.10.314492 +0530
0.1,1000,exp,27,3,2,space,0.7233813,None,50,1,[4.18351069977507],[4.183520299848169],2,3,27,6,162.0256426,,162.0108284,162.0256426,163.0106949,163.0106949,163.0279713,163.7448389,space,0.7233813,None,163.7456266,0.099191,0.399498,164.1598151,164.1603923,164.175132,164.175132,164.175132,168.3589763,50,1,[4.18351069977507],[4.183520299848169],P_01,1,2025-11-02_17h57.55.349,INTENTIONAL BINDING EXPERIMENT,,2025.1.1,59.93712596,2025-11-02 17h58.10.314492 +0530
0.1,400,unexp,28,4,2,space,0.2849392,None,500,1,[4.21726859966293],[4.217281799763441],2,4,28,0,168.3740869,,168.3592799,168.3740869,169.3593244,169.3593244,169.375036,169.6599917,space,0.2849392,None,169.6607647,0.0996456,0.3996446,170.0754212,170.0760155,170.0904719,170.0904719,170.0904719,174.3081534,500,1,[4.21726859966293],[4.217281799763441],P_01,1,2025-11-02_17h57.55.349,INTENTIONAL BINDING EXPERIMENT,,2025.1.1,59.93712596,2025-11-02 17h58.10.314492 +0530
0.7,1000,exp,29,5,2,space,0.5251619,None,100,1,[2.298827400431037],[2.298837300390005],2,5,29,5,174.3236915,,174.3085087,174.3236915,175.3087327,175.3087327,175.3241821,175.8424997,space,0.5251619,None,175.8432854,0.6997501,0.9997464,176.8593071,176.8598904,176.8913605,176.8913605,176.8913605,179.1905765,100,1,[2.298827400431037],[2.298837300390005],P_01,1,2025-11-02_17h57.55.349,INTENTIONAL BINDING EXPERIMENT,,2025.1.1,59.93712596,2025-11-02 17h58.10.314492 +0530
0.4,1000,exp,30,6,2,space,1.4217703,None,250,1,[3.014781199861318],[3.014790900051594],2,6,30,4,179.2056196,,179.1908534,179.2056196,180.1922434,180.1922434,180.2086303,181.6235394,space,1.4217703,None,181.6242708,0.4011033,0.7010901,182.3462473,182.3468822,182.3742605,182.3742605,182.3742605,185.3894125,250,1,[3.014781199861318],[3.014790900051594],P_01,1,2025-11-02_17h57.55.349,INTENTIONAL BINDING EXPERIMENT,,2025.1.1,59.93712596,2025-11-02 17h58.10.314492 +0530
0.4,400,unexp,31,7,2,space,0.7813405,None,700,1,[2.1496007000096142],[2.149610999971628],2,7,31,1,185.4048316,,185.3896888,185.4048316,186.3903527,186.3903527,186.4071734,187.1739022,space,0.7813405,None,187.174938,0.4164458,0.716472,187.9038177,187.9044045,187.9212662,187.9212662,187.9212662,190.0712127,700,1,[2.1496007000096142],[2.149610999971628],P_01,1,2025-11-02_17h57.55.349,INTENTIONAL BINDING EXPERIMENT,,2025.1.1,59.93712596,2025-11-02 17h58.10.314492 +0530
0.7,400,unexp,32,8,2,space,0.3931104,None,600,1,[2.532534900121391],[2.5325453002005816],2,8,32,2,190.0875236,,190.0715003,190.0875236,191.0733069,191.0733069,191.0898463,191.4734565,space,0.3931104,None,191.4745102,0.7151608,1.0148957,192.500392,192.5010191,192.5218664,192.5218664,192.5218664,195.0548123,600,1,[2.532534900121391],[2.5325453002005816],P_01,1,2025-11-02_17h57.55.349,INTENTIONAL BINDING EXPERIMENT,,2025.1.1,59.93712596,2025-11-02 17h58.10.314492 +0530
0.1,1000,exp,33,9,2,space,0.5334752,None,550,1,[1.9004223002120852],[1.9004342998377979],2,9,33,9,195.0703858,,195.0551005,195.0703858,196.0552949,196.0552949,196.0725532,196.604287,space,0.5334752,None,196.6050681,0.1018343,0.4162068,197.0213305,197.0218753,197.052979,197.052979,197.052979,198.9538028,550,1,[1.9004223002120852],[1.9004342998377979],P_01,1,2025-11-02_17h57.55.349,INTENTIONAL BINDING EXPERIMENT,,2025.1.1,59.93712596,2025-11-02 17h58.10.314492 +0530
0.7,1000,exp,34,10,2,space,1.9929642,None,350,1,[4.750111999921501],[4.750122300349176],2,10,34,11,198.9695201,,198.9540964,198.9695201,199.9538548,199.9538548,199.971417,201.9525246,space,1.9929642,None,201.9531771,0.6991372,1.0010735,202.964966,202.9656415,202.9853462,202.9853462,202.9853462,207.7358974,350,1,[4.750111999921501],[4.750122300349176],P_01,1,2025-11-02_17h57.55.349,INTENTIONAL BINDING EXPERIMENT,,2025.1.1,59.93712596,2025-11-02 17h58.10.314492 +0530
0.4,1000,exp,35,11,2,space,1.1815654,None,450,1,[3.2836001999676228],[3.2836156003177166],2,11,35,7,207.751573,,207.7361856,207.751573,208.7352396,208.7352396,208.751793,209.9203824,space,1.1815654,None,209.9211998,0.3994331,0.6992614,210.6335275,210.6341444,210.6503971,210.6503971,210.6503971,213.9344615,450,1,[3.2836001999676228],[3.2836156003177166],P_01,1,2025-11-02_17h57.55.349,INTENTIONAL BINDING EXPERIMENT,,2025.1.1,59.93712596,2025-11-02 17h58.10.314492 +0530
0.1,1000,exp,36,0,3,space,1.1059927,None,150,1,[3.4671781002543867],[3.467192000243813],3,0,36,6,213.9509819,,213.9348541,213.9509819,214.9354723,214.9354723,214.9529826,216.0531091,space,1.1059927,None,216.0538977,0.1139886,0.4159654,216.477809,216.4790562,216.4996911,216.4996911,216.4996911,219.9672785,150,1,[3.4671781002543867],[3.467192000243813],P_01,1,2025-11-02_17h57.55.349,INTENTIONAL BINDING EXPERIMENT,,2025.1.1,59.93712596,2025-11-02 17h58.10.314492 +0530
0.7,400,unexp,37,1,3,space,0.3128351,None,400,1,[1.8160520996898413],[1.8160628997720778],3,1,37,2,219.9828385,,219.9676586,219.9828385,220.9682261,220.9682261,220.9844593,221.2849503,space,0.3128351,None,221.2859144,0.7162205,1.0162312,222.3106219,222.3116674,222.3332165,222.3332165,222.3332165,224.1497323,400,1,[1.8160520996898413],[1.8160628997720778],P_01,1,2025-11-02_17h57.55.349,INTENTIONAL BINDING EXPERIMENT,,2025.1.1,59.93712596,2025-11-02 17h58.10.314492 +0530
0.4,1000,exp,38,2,3,space,0.596563,None,600,1,[10.516098900232464],[10.516108700074255],3,2,38,10,224.1651794,,224.150125,224.1651794,225.1511284,225.1511284,225.1671703,225.750052,space,0.596563,None,225.7508238,0.4154905,0.7171525,226.481898,226.4825602,226.4977314,226.4977314,226.4977314,237.014169,600,1,[10.516098900232464],[10.516108700074255],P_01,1,2025-11-02_17h57.55.349,INTENTIONAL BINDING EXPERIMENT,,2025.1.1,59.93712596,2025-11-02 17h58.10.314492 +0530
0.1,1000,exp,39,3,3,space,2.1997597,None,300,1,[2.38378579961136],[2.3837957000359893],3,3,39,3,237.029609,,237.0144494,237.029609,238.0160143,238.0160143,238.0324419,240.2326434,space,2.1997597,None,240.2334575,0.1154211,0.4327248,240.6656952,240.6663229,240.6952815,240.6952815,240.6952815,243.0794168,300,1,[2.38378579961136],[2.3837957000359893],P_01,1,2025-11-02_17h57.55.349,INTENTIONAL BINDING EXPERIMENT,,2025.1.1,59.93712596,2025-11-02 17h58.10.314492 +0530
0.4,1000,exp,40,4,3,space,0.4077194,None,100,1,[1.8004275998100638],[1.8004389996640384],3,4,40,4,243.0974945,,243.0797229,243.0974945,244.0809626,244.0809626,244.097649,244.4965363,space,0.4077194,None,244.4972634,0.4011529,0.7162554,245.2151793,245.2157582,245.2449922,245.2449922,245.2449922,247.0457999,100,1,[1.8004275998100638],[1.8004389996640384],P_01,1,2025-11-02_17h57.55.349,INTENTIONAL BINDING EXPERIMENT,,2025.1.1,59.93712596,2025-11-02 17h58.10.314492 +0530
0.1,1000,exp,41,5,3,space,0.9494038,None,200,1,[1.86707319971174],[1.8670956999994814],3,5,41,9,247.0613189,,247.0460796,247.0613189,248.0466602,248.0466602,248.0624958,249.0127034,space,0.9494038,None,249.0136849,0.1009389,0.4006747,249.4273488,249.4279907,249.4443936,249.4443936,249.4443936,251.311901,200,1,[1.86707319971174],[1.8670956999994814],P_01,1,2025-11-02_17h57.55.349,INTENTIONAL BINDING EXPERIMENT,,2025.1.1,59.93712596,2025-11-02 17h58.10.314492 +0530
0.1,400,unexp,42,6,3,space,0.4300396,None,300,1,[3.0675272000953555],[3.0675382004119456],3,6,42,0,251.3274883,,251.3122827,251.3274883,252.3129811,252.3129811,252.3296036,252.7451166,space,0.4300396,None,252.7461227,0.0995188,0.4009611,253.1597253,253.160514,253.1768515,253.1768515,253.1768515,256.2447224,300,1,[3.0675272000953555],[3.0675382004119456],P_01,1,2025-11-02_17h57.55.349,INTENTIONAL BINDING EXPERIMENT,,2025.1.1,59.93712596,2025-11-02 17h58.10.314492 +0530
0.4,1000,exp,43,7,3,space,0.4272557,None,400,1,[1.96656689979136],[1.9665771997533739],3,7,43,7,256.2597562,,256.245001,256.2597562,257.2457752,257.2457752,257.2607378,257.6794426,space,0.4272557,None,257.6804677,0.3995152,0.6993674,258.3951593,258.395763,258.4272657,258.4272657,258.4272657,260.3942232,400,1,[1.96656689979136],[1.9665771997533739],P_01,1,2025-11-02_17h57.55.349,INTENTIONAL BINDING EXPERIMENT,,2025.1.1,59.93712596,2025-11-02 17h58.10.314492 +0530
0.7,1000,exp,44,8,3,space,0.4164794,None,100,1,[2.2656166995875537],[2.2656291997991502],3,8,44,11,260.4090492,,260.3945132,260.4090492,261.3958294,261.3958294,261.412319,261.8274233,space,0.4164794,None,261.8281569,0.700534,1.0177188,262.8469121,262.8475763,262.8769566,262.8769566,262.8769566,265.1430052,100,1,[2.2656166995875537],[2.2656291997991502],P_01,1,2025-11-02_17h57.55.349,INTENTIONAL BINDING EXPERIMENT,,2025.1.1,59.93712596,2025-11-02 17h58.10.314492 +0530
0.4,400,unexp,45,9,3,space,0.366095,None,550,1,[3.2001634002663195],[3.20017349999398],3,9,45,1,265.1583439,,265.1433432,265.1583439,266.1429631,266.1429631,266.1612072,266.5112431,space,0.366095,None,266.5121487,0.4160966,0.7323628,267.2439925,267.2447838,267.2746102,267.2746102,267.2746102,270.4751364,550,1,[3.2001634002663195],[3.20017349999398],P_01,1,2025-11-02_17h57.55.349,INTENTIONAL BINDING EXPERIMENT,,2025.1.1,59.93712596,2025-11-02 17h58.10.314492 +0530
0.7,1000,exp,46,10,3,space,0.5105625,None,250,1,[2.2990640001371503],[2.2990735000930727],3,10,46,8,270.4910382,,270.4754209,270.4910382,271.4768016,271.4768016,271.4932,271.9916612,space,0.5105625,None,271.9926506,0.7016096,1.0013295,273.0098743,273.0104738,273.0418139,273.0418139,273.0418139,275.341248,250,1,[2.2990640001371503],[2.2990735000930727],P_01,1,2025-11-02_17h57.55.349,INTENTIONAL BINDING EXPERIMENT,,2025.1.1,59.93712596,2025-11-02 17h58.10.314492 +0530
0.7,1000,exp,47,11,3,space,0.9336721,None,400,1,[1.7493123998865485],[1.7493219999596477],3,11,47,5,275.3574746,,275.3415568,275.3574746,276.3413248,276.3413248,276.3590801,277.2764445,space,0.9336721,None,277.2774891,0.7155193,1.0157043,278.3022566,278.3028674,278.3243417,278.3243417,278.3243417,280.0740474,400,1,[1.7493123998865485],[1.7493219999596477],P_01,1,2025-11-02_17h57.55.349,INTENTIONAL BINDING EXPERIMENT,,2025.1.1,59.93712596,2025-11-02 17h58.10.314492 +0530
0.4,400,unexp,48,0,4,space,0.9384825,None,600,1,[2.8504905998706818],[2.8505045999772847],4,0,48,1,280.0896441,,280.0743352,280.0896441,281.0732031,281.0732031,281.0915371,282.0249886,space,0.9384825,None,282.0258242,0.3996459,0.6991541,282.7379096,282.7384656,282.7552248,282.7552248,282.7552248,285.6061247,600,1,[2.8504905998706818],[2.8505045999772847],P_01,1,2025-11-02_17h57.55.349,INTENTIONAL BINDING EXPERIMENT,,2025.1.1,59.93712596,2025-11-02 17h58.10.314492 +0530
0.7,1000,exp,49,1,4,space,1.3714126,None,650,1,[5.100313500035554],[5.1003308002837],4,1,49,8,285.621344,,285.6064215,285.621344,286.6054471,286.6054471,286.6243,287.9911044,space,1.3714126,None,287.9921265,0.7154382,1.0158671,289.0226312,289.0232509,289.0373409,289.0373409,289.0373409,294.138085,650,1,[5.100313500035554],[5.1003308002837],P_01,1,2025-11-02_17h57.55.349,INTENTIONAL BINDING EXPERIMENT,,2025.1.1,59.93712596,2025-11-02 17h58.10.314492 +0530
0.1,1000,exp,50,2,4,space,1.658235,None,400,1,[2.3835124000906944],[2.3835249999538064],4,2,50,6,294.1538207,,294.1384428,294.1538207,295.1393555,295.1393555,295.1560588,296.8063232,space,1.658235,None,296.8070935,0.0998684,0.4143144,297.2245314,297.2250878,297.2533265,297.2533265,297.2533265,299.6372806,400,1,[2.3835124000906944],[2.3835249999538064],P_01,1,2025-11-02_17h57.55.349,INTENTIONAL BINDING EXPERIMENT,,2025.1.1,59.93712596,2025-11-02 17h58.10.314492 +0530
0.7,400,unexp,51,3,4,space,0.8600482,None,500,1,[1.950200800318271],[1.9502178002148867],4,3,51,2,299.6529931,,299.6376311,299.6529931,300.6531713,300.6531713,300.6531713,301.5225857,space,0.8600482,None,301.5234233,0.6992518,1.0154388,302.5383965,302.5390838,302.570065,302.570065,302.570065,304.5208013,500,1,[1.950200800318271],[1.9502178002148867],P_01,1,2025-11-02_17h57.55.349,INTENTIONAL BINDING EXPERIMENT,,2025.1.1,59.93712596,2025-11-02 17h58.10.314492 +0530
0.1,400,unexp,52,4,4,space,0.848035,None,450,1,[3.7838014997541904],[3.7838111999444664],4,4,52,0,304.5356625,,304.5212186,304.5356625,305.520954,305.520954,305.5377397,306.3709717,space,0.848035,None,306.3717449,0.114519,0.4168663,306.8013725,306.8021392,306.8178483,306.8178483,306.8178483,310.6020243,450,1,[3.7838014997541904],[3.7838111999444664],P_01,1,2025-11-02_17h57.55.349,INTENTIONAL BINDING EXPERIMENT,,2025.1.1,59.93712596,2025-11-02 17h58.10.314492 +0530
0.7,1000,exp,53,5,4,space,0.5762302,None,300,1,[2.5999174998141825],[2.5999293997883797],4,5,53,5,310.6176956,,310.6022967,310.6176956,311.6028901,311.6028901,311.6194535,312.1859998,space,0.5762302,None,312.186848,0.7004149,1.0167774,313.2060047,313.2066349,313.2338684,313.2338684,313.2338684,315.8341718,300,1,[2.5999174998141825],[2.5999293997883797],P_01,1,2025-11-02_17h57.55.349,INTENTIONAL BINDING EXPERIMENT,,2025.1.1,59.93712596,2025-11-02 17h58.10.314492 +0530
0.4,1000,exp,54,6,4,space,0.5128441,None,600,1,[2.316010999958962],[2.316021299920976],4,6,54,4,315.849775,,315.8345618,315.849775,316.8354057,316.8354057,316.8524527,317.3528002,space,0.5128441,None,317.3536131,0.3998354,0.6993346,318.0694378,318.0700771,318.100009,318.100009,318.100009,320.4163709,600,1,[2.316010999958962],[2.316021299920976],P_01,1,2025-11-02_17h57.55.349,INTENTIONAL BINDING EXPERIMENT,,2025.1.1,59.93712596,2025-11-02 17h58.10.314492 +0530
0.1,1000,exp,55,7,4,space,0.2628878,None,100,1,[2.216544599737972],[2.2165735997259617],4,7,55,9,320.4327994,,320.4166526,320.4327994,321.4188266,321.4188266,321.4349872,321.6851471,space,0.2628878,None,321.6861434,0.0999185,0.4000193,322.0981866,322.0989521,322.1157237,322.1157237,322.1157237,324.332714,100,1,[2.216544599737972],[2.2165735997259617],P_01,1,2025-11-02_17h57.55.349,INTENTIONAL BINDING EXPERIMENT,,2025.1.1,59.93712596,2025-11-02 17h58.10.314492 +0530
0.4,1000,exp,56,8,4,space,0.4813597,None,200,1,[1.8146204999648035],[1.8146302998065948],4,8,56,10,324.3497093,,324.3330157,324.3497093,325.3344223,325.3344223,325.3509159,325.8184242,space,0.4813597,None,325.8194118,0.4001937,0.6992138,326.5358866,326.5364514,326.5669219,326.5669219,326.5669219,328.3819107,200,1,[1.8146204999648035],[1.8146302998065948],P_01,1,2025-11-02_17h57.55.349,INTENTIONAL BINDING EXPERIMENT,,2025.1.1,59.93712596,2025-11-02 17h58.10.314492 +0530
0.7,1000,exp,57,9,4,space,0.5760982,None,350,1,[4.9978684997186065],[4.997879599686712],4,9,57,11,328.398281,,328.382199,328.398281,329.383859,329.383859,329.4002571,329.9670307,space,0.5760982,None,329.9680138,0.7002328,0.9992964,330.9838943,330.9845316,331.0162883,331.0162883,331.0162883,336.014579,350,1,[4.9978684997186065],[4.997879599686712],P_01,1,2025-11-02_17h57.55.349,INTENTIONAL BINDING EXPERIMENT,,2025.1.1,59.93712596,2025-11-02 17h58.10.314492 +0530
0.1,1000,exp,58,10,4,space,1.3716033,None,240,1,[3.750839799642563],[3.750852999743074],4,10,58,3,336.0303629,,336.0148587,336.0303629,337.0156473,337.0156473,337.0313365,338.3985255,space,1.3716033,None,338.3996202,0.0997265,0.4006271,338.811323,338.811933,338.8292541,338.8292541,338.8292541,342.5804944,240,1,[3.750839799642563],[3.750852999743074],P_01,1,2025-11-02_17h57.55.349,INTENTIONAL BINDING EXPERIMENT,,2025.1.1,59.93712596,2025-11-02 17h58.10.314492 +0530
0.4,1000,exp,59,11,4,space,0.3031421,None,120,1,[3.7149523999542],[3.714962000027299],4,11,59,7,342.5951485,,342.5808495,342.5951485,343.5815151,343.5815151,343.5976038,343.898464,space,0.3031421,None,343.8992635,0.3990137,0.6996055,344.6194664,344.6200862,344.6469822,344.6469822,344.6469822,348.3623515,120,1,[3.7149523999542],[3.714962000027299],P_01,1,2025-11-02_17h57.55.349,INTENTIONAL BINDING EXPERIMENT,,2025.1.1,59.93712596,2025-11-02 17h58.10.314492 +0530
0.4,1000,exp,60,0,0,space,0.9351243,None,250,1,[48.677241099998355],[48.67725000018254],0,0,0,4,0.0434429,,0.029567,0.0434429,1.009969,1.009969,1.0436591,1.9676098,space,0.9351243,None,1.9680716,0.4109987,0.7255762,2.6950934,2.6956052,2.7097708,2.7097708,2.7097708,51.3872586,250,1,[48.677241099998355],[48.67725000018254],SAMPLE,1,2025-10-28_20h08.29.828,INTENTIONAL BINDING EXPERIMENT,,2025.1.1,60.14140448,2025-10-28 20h08.36.523327 +0530
0.1,1000,exp,61,1,0,space,2.6977632,None,600,1,[5.017285600071773],[5.017292300006375],0,1,1,3,51.4018395,,51.3874567,51.4018395,52.4012823,52.4012823,52.4012823,55.101544,space,2.6977632,None,55.1020062,0.0994867,0.3995967,55.5156323,55.5159821,55.5335991,55.5335991,55.5335991,60.5511384,600,1,[5.017285600071773],[5.017292300006375],SAMPLE,1,2025-10-28_20h08.29.828,INTENTIONAL BINDING EXPERIMENT,,2025.1.1,60.14140448,2025-10-28 20h08.36.523327 +0530
0.1,400,unexp,62,2,0,space,0.1897703,None,300,1,[4.583659099880606],[4.583665000041947],0,2,2,0,60.5668618,,60.5513264,60.5668618,61.5668174,61.5668174,61.5668174,61.7671455,space,0.1897703,None,61.7675792,0.0992397,0.400546,62.1817819,62.1821103,62.199651,62.199651,62.199651,66.7835043,300,1,[4.583659099880606],[4.583665000041947],SAMPLE,1,2025-10-28_20h08.29.828,INTENTIONAL BINDING EXPERIMENT,,2025.1.1,60.14140448,2025-10-28 20h08.36.523327 +0530
0.4,1000,exp,63,3,0,space,1.4427978,None,400,1,[8.06673499988392],[8.066741899820045],0,3,3,7,66.7989309,,66.7836696,66.7989309,67.7994248,67.7994248,67.7994248,69.2497959,space,1.4427978,None,69.2502142,0.399081,0.6990294,69.9585605,69.9588385,69.9814235,69.9814235,69.9814235,78.0483874,400,1,[8.06673499988392],[8.066741899820045],SAMPLE,1,2025-10-28_20h08.29.828,INTENTIONAL BINDING EXPERIMENT,,2025.1.1,60.14140448,2025-10-28 20h08.36.523327 +0530
0.4,1000,exp,64,4,0,space,0.1132669,None,250,1,[15.065175999887288],[15.06518239993602],0,4,4,10,78.064097,,78.048577,78.064097,79.0473355,79.0473355,79.0637809,79.1644125,space,0.1132669,None,79.1648723,0.3995827,0.6990815,79.8776282,79.8779003,79.896656,79.896656,79.896656,94.9620402,250,1,[15.065175999887288],[15.06518239993602],SAMPLE,1,2025-10-28_20h08.29.828,INTENTIONAL BINDING EXPERIMENT,,2025.1.1,60.14140448,2025-10-28 20h08.36.523327 +0530
0.1,1000,exp,65,5,0,space,12.1450357,None,500,1,[6.367136799963191],[6.367142100119963],0,5,5,6,94.9776488,,94.9622041,94.9776488,95.9773535,95.9773535,95.9773535,108.1261067,space,12.1450357,None,108.1265856,0.099949,0.3995352,108.5386602,108.5389285,108.5583295,108.5583295,108.5583295,114.925657,500,1,[6.367136799963191],[6.367142100119963],SAMPLE,1,2025-10-28_20h08.29.828,INTENTIONAL BINDING EXPERIMENT,,2025.1.1,60.14140448,2025-10-28 20h08.36.523327 +0530
0.7,1000,exp,66,6,0,space,0.3882876,None,100,1,[11.432093899929896],[11.432100400095806],0,6,6,11,114.9414886,,114.9258226,114.9414886,115.9413747,115.9413747,115.9413747,116.3413725,space,0.3882876,None,116.3417539,0.6992997,0.9991648,117.3601678,117.3604558,117.3739092,117.3739092,117.3739092,128.8062184,100,1,[11.432093899929896],[11.432100400095806],SAMPLE,1,2025-10-28_20h08.29.828,INTENTIONAL BINDING EXPERIMENT,,2025.1.1,60.14140448,2025-10-28 20h08.36.523327 +0530
0.7,400,unexp,67,7,0,space,1.3074637,None,400,1,[3.416899399831891],[3.416904899990186],0,7,7,2,128.8223083,,128.8064034,128.8223083,129.8053023,129.8053023,129.8220644,131.1223547,space,1.3074637,None,131.1227867,0.6994248,0.9994403,132.1337379,132.134004,132.1549085,132.1549085,132.1549085,135.5720192,400,1,[3.416899399831891],[3.416904899990186],SAMPLE,1,2025-10-28_20h08.29.828,INTENTIONAL BINDING EXPERIMENT,,2025.1.1,60.14140448,2025-10-28 20h08.36.523327 +0530
0.7,1000,exp,68,8,0,space,2.1260352,None,200,1,[3.5174625997897238],[3.517467799829319],0,8,8,8,135.587892,,135.572186,135.587892,136.5880872,136.5880872,136.5880872,138.7213797,space,2.1260352,None,138.7218405,0.6995252,0.9994749,139.7390019,139.7392965,139.7536137,139.7536137,139.7536137,143.2712619,200,1,[3.5174625997897238],[3.517467799829319],SAMPLE,1,2025-10-28_20h08.29.828,INTENTIONAL BINDING EXPERIMENT,,2025.1.1,60.14140448,2025-10-28 20h08.36.523327 +0530
0.7,1000,exp,69,9,0,space,1.1557111,None,300,1,[3.117410199949518],[3.1174170000012964],0,9,9,5,143.2872071,,143.2714154,143.2872071,144.2866071,144.2866071,144.2866071,145.4536849,space,1.1557111,None,145.4541414,0.6992638,0.9995979,146.4693579,146.4696275,146.4860597,146.4860597,146.4860597,149.603691,300,1,[3.117410199949518],[3.1174170000012964],SAMPLE,1,2025-10-28_20h08.29.828,INTENTIONAL BINDING EXPERIMENT,,2025.1.1,60.14140448,2025-10-28 20h08.36.523327 +0530
0.4,400,unexp,70,10,0,space,0.9159088,None,500,1,[3.166529499925673],[3.1665364999789745],0,10,10,1,149.6195848,,149.6038541,149.6195848,150.6187287,150.6187287,150.6187287,151.536381,space,0.9159088,None,151.5368267,0.4157645,0.7161932,152.2652561,152.2656328,152.2855067,152.2855067,152.2855067,155.4522546,500,1,[3.166529499925673],[3.1665364999789745],SAMPLE,1,2025-10-28_20h08.29.828,INTENTIONAL BINDING EXPERIMENT,,2025.1.1,60.14140448,2025-10-28 20h08.36.523327 +0530
0.1,1000,exp,71,11,0,space,1.6184863,None,250,1,[4.017457399982959],[4.017465000040829],0,11,11,9,155.4686281,,155.4524463,155.4686281,156.4514194,156.4514194,156.4680232,158.0847996,space,1.6184863,None,158.085242,0.099628,0.3994941,158.5020724,158.5023653,158.517205,158.517205,158.517205,162.534939,250,1,[4.017457399982959],[4.017465000040829],SAMPLE,1,2025-10-28_20h08.29.828,INTENTIONAL BINDING EXPERIMENT,,2025.1.1,60.14140448,2025-10-28 20h08.36.523327 +0530
0.4,1000,exp,72,0,1,space,0.9258581,None,150,1,[4.432977499905974],[4.432983600068837],1,0,12,10,162.551105,,162.5351638,162.551105,163.5501556,163.5501556,163.5501556,164.4834996,space,0.9258581,None,164.4839394,0.4001899,0.6999647,165.2004859,165.2007682,165.2161413,165.2161413,165.2161413,169.6493251,150,1,[4.432977499905974],[4.432983600068837],SAMPLE,1,2025-10-28_20h08.29.828,INTENTIONAL BINDING EXPERIMENT,,2025.1.1,60.14140448,2025-10-28 20h08.36.523327 +0530
0.4,1000,exp,73,1,1,space,0.6906999,None,200,1,[3.4507623000536114],[3.4507688998710364],1,1,13,7,169.6657648,,169.6495017,169.6657648,170.6493477,170.6493477,170.665888,171.3492805,space,0.6906999,None,171.3497239,0.3994987,0.699608,172.0600375,172.0603032,172.082019,172.082019,172.082019,175.533001,200,1,[3.4507623000536114],[3.4507688998710364],SAMPLE,1,2025-10-28_20h08.29.828,INTENTIONAL BINDING EXPERIMENT,,2025.1.1,60.14140448,2025-10-28 20h08.36.523327 +0530
0.7,1000,exp,74,2,1,space,1.5114043,None,400,1,[2.2003909000195563],[2.2004001000896096],1,2,14,11,175.5485639,,175.5331832,175.5485639,176.5478741,176.5478741,176.5478741,178.0651101,space,1.5114043,None,178.0655071,0.6992185,0.9993611,179.0779377,179.0783158,179.0973259,179.0973259,179.0973259,181.2979434,400,1,[2.2003909000195563],[2.2004001000896096],SAMPLE,1,2025-10-28_20h08.29.828,INTENTIONAL BINDING EXPERIMENT,,2025.1.1,60.14140448,2025-10-28 20h08.36.523327 +0530
0.1,1000,exp,75,3,1,space,0.3811338,None,100,1,[3.1008178000338376],[3.1008240999653935],1,3,15,6,181.3139727,,181.298128,181.3139727,182.2970448,182.2970448,182.3138455,182.6808578,space,0.3811338,None,182.6813134,0.099332,0.3994728,183.0993002,183.09959,183.113042,183.113042,183.113042,186.2140774,100,1,[3.1008178000338376],[3.1008240999653935],SAMPLE,1,2025-10-28_20h08.29.828,INTENTIONAL BINDING EXPERIMENT,,2025.1.1,60.14140448,2025-10-28 20h08.36.523327 +0530
0.1,1000,exp,76,4,1,space,1.1022016,None,200,1,[2.6663743001408875],[2.666381300194189],1,4,16,3,186.2298103,,186.2142632,186.2298103,187.2301825,187.2301825,187.2301825,188.3464812,space,1.1022016,None,188.3468944,0.0995355,0.399729,188.762753,188.7630339,188.7795207,188.7795207,188.7795207,191.4461122,200,1,[2.6663743001408875],[2.666381300194189],SAMPLE,1,2025-10-28_20h08.29.828,INTENTIONAL BINDING EXPERIMENT,,2025.1.1,60.14140448,2025-10-28 20h08.36.523327 +0530
0.1,1000,exp,77,5,1,space,0.1975608,None,300,1,[2.1675807000137866],[2.1675867000594735],1,5,17,9,191.4624878,,191.4463047,191.4624878,192.4453885,192.4453885,192.4622663,192.6462222,space,0.1975608,None,192.6466583,0.0990191,0.3994561,193.0610149,193.0612992,193.078031,193.078031,193.078031,195.2458237,300,1,[2.1675807000137866],[2.1675867000594735],SAMPLE,1,2025-10-28_20h08.29.828,INTENTIONAL BINDING EXPERIMENT,,2025.1.1,60.14140448,2025-10-28 20h08.36.523327 +0530
0.4,400,unexp,78,6,1,space,1.5298924,None,500,1,[4.284261499997228],[4.284267700044438],1,6,18,1,195.2619589,,195.2459876,195.2619589,196.2452306,196.2452306,196.2615434,197.7787961,space,1.5298924,None,197.7792449,0.415892,0.7157058,198.5131773,198.5134594,198.5274507,198.5274507,198.5274507,202.8119279,500,1,[4.284261499997228],[4.284267700044438],SAMPLE,1,2025-10-28_20h08.29.828,INTENTIONAL BINDING EXPERIMENT,,2025.1.1,60.14140448,2025-10-28 20h08.36.523327 +0530
0.7,1000,exp,79,7,1,space,0.3335189,None,250,1,[4.5673796001356095],[4.56738519994542],1,7,19,8,202.8270687,,202.8121135,202.8270687,203.8270996,203.8270996,203.8270996,204.1769904,space,0.3335189,None,204.177434,0.6997139,0.9996027,205.1897281,205.1900441,205.2095387,205.2095387,205.2095387,209.7771377,250,1,[4.5673796001356095],[4.56738519994542],SAMPLE,1,2025-10-28_20h08.29.828,INTENTIONAL BINDING EXPERIMENT,,2025.1.1,60.14140448,2025-10-28 20h08.36.523327 +0530
0.1,400,unexp,80,8,1,space,0.3732972,None,400,1,[2.0502639999613166],[2.0502704000100493],1,8,20,0,209.7928375,,209.7773114,209.7928375,210.7760621,210.7760621,210.7925506,211.1591619,space,0.3732972,None,211.1595921,0.0995889,0.3999326,211.5710605,211.5713786,211.5918995,211.5918995,211.5918995,213.6423885,400,1,[2.0502639999613166],[2.0502704000100493],SAMPLE,1,2025-10-28_20h08.29.828,INTENTIONAL BINDING EXPERIMENT,,2025.1.1,60.14140448,2025-10-28 20h08.36.523327 +0530
0.7,400,unexp,81,9,1,space,2.5828365,None,500,1,[2.384230599971488],[2.384236899903044],1,9,21,2,213.6580935,,213.6425716,213.6580935,214.6586924,214.6586924,214.6586924,217.2579677,space,2.5828365,None,217.2584182,0.7004627,0.9998609,218.2771821,218.277468,218.2902273,218.2902273,218.2902273,220.6746568,500,1,[2.384230599971488],[2.384236899903044],SAMPLE,1,2025-10-28_20h08.29.828,INTENTIONAL BINDING EXPERIMENT,,2025.1.1,60.14140448,2025-10-28 20h08.36.523327 +0530
0.4,1000,exp,82,10,1,space,0.7383593,None,300,1,[2.900422900216654],[2.9004283000249416],1,10,22,4,220.6902409,,220.6748218,220.6902409,221.6749193,221.6749193,221.6919063,222.4238499,space,0.7383593,None,222.4242918,0.3999362,0.6995692,223.1319352,223.1322013,223.1563664,223.1563664,223.1563664,226.0569983,300,1,[2.900422900216654],[2.9004283000249416],SAMPLE,1,2025-10-28_20h08.29.828,INTENTIONAL BINDING EXPERIMENT,,2025.1.1,60.14140448,2025-10-28 20h08.36.523327 +0530
0.7,1000,exp,83,11,1,space,1.5771734,None,200,1,[2.867195599945262],[2.867202099878341],1,11,23,5,226.0729898,,226.057169,226.0729898,227.0729182,227.0729182,227.0729182,228.6562349,space,1.5771734,None,228.6566732,0.6994802,0.9997362,229.6709191,229.6711971,229.6886949,229.6886949,229.6886949,232.5561169,200,1,[2.867195599945262],[2.867202099878341],SAMPLE,1,2025-10-28_20h08.29.828,INTENTIONAL BINDING EXPERIMENT,,2025.1.1,60.14140448,2025-10-28 20h08.36.523327 +0530
0.4,400,unexp,84,0,2,space,2.9002612,None,400,1,[3.017554000020027],[3.01756040006876],2,0,24,1,232.5726654,,232.5562985,232.5726654,233.5548266,233.5548266,233.5889148,236.4554329,space,2.9002612,None,236.4559366,0.3995137,0.6990105,237.1679475,237.1682746,237.1872111,237.1872111,237.1872111,240.2049706,400,1,[3.017554000020027],[3.01756040006876],SAMPLE,1,2025-10-28_20h08.29.828,INTENTIONAL BINDING EXPERIMENT,,2025.1.1,60.14140448,2025-10-28 20h08.36.523327 +0530
0.7,400,unexp,85,1,2,space,2.4488871,None,500,1,[2.5843891999684274],[2.5843954000156373],2,1,25,2,240.220964,,240.2051295,240.220964,241.2038805,241.2038805,241.2203791,243.6534962,space,2.4488871,None,243.6538833,0.6996161,0.9994217,244.6677279,244.6680419,244.6858027,244.6858027,244.6858027,247.2703919,500,1,[2.5843891999684274],[2.5843954000156373],SAMPLE,1,2025-10-28_20h08.29.828,INTENTIONAL BINDING EXPERIMENT,,2025.1.1,60.14140448,2025-10-28 20h08.36.523327 +0530
0.1,1000,exp,86,2,2,space,0.9080654,None,100,1,[2.2841602000407875],[2.284165999852121],2,2,26,3,247.2859638,,247.2705581,247.2859638,248.2857725,248.2857725,248.2857725,249.2027734,space,0.9080654,None,249.2032133,0.0998805,0.3995164,249.6159699,249.6164628,249.6350993,249.6350993,249.6350993,251.9194513,100,1,[2.2841602000407875],[2.284165999852121],SAMPLE,1,2025-10-28_20h08.29.828,INTENTIONAL BINDING EXPERIMENT,,2025.1.1,60.14140448,2025-10-28 20h08.36.523327 +0530
0.1,1000,exp,87,3,2,space,2.6337083,None,300,1,[2.816870199982077],[2.816876499913633],2,3,27,6,251.9354768,,251.9196134,251.9354768,252.9355326,252.9355326,252.9355326,255.5857392,space,2.6337083,None,255.5862027,0.0991752,0.3986845,255.9965081,255.9967742,256.0181517,256.0181517,256.0181517,258.8352789,300,1,[2.816870199982077],[2.816876499913633],SAMPLE,1,2025-10-28_20h08.29.828,INTENTIONAL BINDING EXPERIMENT,,2025.1.1,60.14140448,2025-10-28 20h08.36.523327 +0530
0.1,1000,exp,88,4,2,space,2.0800807,None,400,1,[3.300125200068578],[3.300131800118834],2,4,28,9,258.8509785,,258.835468,258.8509785,259.8508991,259.8508991,259.8508991,261.9339912,space,2.0800807,None,261.9344327,0.0997262,0.399501,262.3532336,262.3535145,262.3666359,262.3666359,262.3666359,265.666975,400,1,[3.300125200068578],[3.300131800118834],SAMPLE,1,2025-10-28_20h08.29.828,INTENTIONAL BINDING EXPERIMENT,,2025.1.1,60.14140448,2025-10-28 20h08.36.523327 +0530
0.4,1000,exp,89,5,2,space,2.1736884,None,500,1,[2.7341806998010725],[2.7341860998421907],2,5,29,7,265.6829748,,265.6671648,265.6829748,266.6660829,266.6660829,266.6827671,268.8495551,space,2.1736884,None,268.8499775,0.3998624,0.6997324,269.5631678,269.5634558,269.5819419,269.5819419,269.5819419,272.3163364,500,1,[2.7341806998010725],[2.7341860998421907],SAMPLE,1,2025-10-28_20h08.29.828,INTENTIONAL BINDING EXPERIMENT,,2025.1.1,60.14140448,2025-10-28 20h08.36.523327 +0530
0.4,1000,exp,90,6,2,space,1.8912333,None,300,1,[3.2340653999708593],[3.234072000021115],2,6,30,10,272.3323167,,272.3165169,272.3323167,273.3317962,273.3317962,273.3317962,275.2316205,space,1.8912333,None,275.2320334,0.4001722,0.700144,275.9527138,275.9530033,275.9641696,275.9641696,275.9641696,279.1984498,300,1,[3.2340653999708593],[3.234072000021115],SAMPLE,1,2025-10-28_20h08.29.828,INTENTIONAL BINDING EXPERIMENT,,2025.1.1,60.14140448,2025-10-28 20h08.36.523327 +0530
0.7,1000,exp,91,7,2,space,2.1155977,None,100,1,[3.2500227000564337],[3.2500293001066893],2,7,31,8,279.2139855,,279.1986095,279.2139855,280.2139019,280.2139019,280.2139019,282.3309373,space,2.1155977,None,282.331402,0.6995721,0.9989967,283.3457109,283.3459898,283.3635303,283.3635303,283.3635303,286.6137792,100,1,[3.2500227000564337],[3.2500293001066893],SAMPLE,1,2025-10-28_20h08.29.828,INTENTIONAL BINDING EXPERIMENT,,2025.1.1,60.14140448,2025-10-28 20h08.36.523327 +0530
0.4,1000,exp,92,8,2,space,0.638029,None,250,1,[3.5666916000191122],[3.5666988999582827],2,8,32,4,286.6296633,,286.6139405,286.6296633,287.6296349,287.6296349,287.6296349,288.279583,space,0.638029,None,288.2799952,0.399533,0.7000938,288.9983935,288.9986803,289.0124592,289.0124592,289.0124592,292.5793706,250,1,[3.5666916000191122],[3.5666988999582827],SAMPLE,1,2025-10-28_20h08.29.828,INTENTIONAL BINDING EXPERIMENT,,2025.1.1,60.14140448,2025-10-28 20h08.36.523327 +0530
0.7,1000,exp,93,9,2,space,0.7004181,None,400,1,[2.2174736000597477],[2.217487200163305],2,9,33,5,292.5955822,,292.5795642,292.5955822,293.5951671,293.5951671,293.5951671,294.3120085,space,0.7004181,None,294.3124327,0.7000093,0.9994297,295.3228154,295.3231086,295.3447182,295.3447182,295.3447182,297.5624407,400,1,[2.2174736000597477],[2.217487200163305],SAMPLE,1,2025-10-28_20h08.29.828,INTENTIONAL BINDING EXPERIMENT,,2025.1.1,60.14140448,2025-10-28 20h08.36.523327 +0530
0.7,1000,exp,94,10,2,space,1.9943197,None,400,1,[1.6510834000073373],[1.6510892999358475],2,10,34,11,297.5779757,,297.5626261,297.5779757,298.5781488,298.5781488,298.5781488,300.5772357,space,1.9943197,None,300.5776568,0.7005031,0.9996061,301.5881106,301.588384,301.6099642,301.6099642,301.6099642,303.2612576,400,1,[1.6510834000073373],[1.6510892999358475],SAMPLE,1,2025-10-28_20h08.29.828,INTENTIONAL BINDING EXPERIMENT,,2025.1.1,60.14140448,2025-10-28 20h08.36.523327 +0530
0.1,400,unexp,95,11,2,space,1.5486064,None,500,1,[2.5006903000175953],[2.5006973000708967],2,11,35,0,303.2768499,,303.2614346,303.2768499,304.2605083,304.2605083,304.276619,305.8107516,space,1.5486064,None,305.8111836,0.0994924,0.3987345,306.2264484,306.226724,306.2429681,306.2429681,306.2429681,308.7438741,500,1,[2.5006903000175953],[2.5006973000708967],SAMPLE,1,2025-10-28_20h08.29.828,INTENTIONAL BINDING EXPERIMENT,,2025.1.1,60.14140448,2025-10-28 20h08.36.523327 +0530
0.7,1000,exp,96,0,3,space,2.6800511,None,50,1,[3.699680899968371],[3.6996869000140578],3,0,36,11,308.759402,,308.7440492,308.759402,309.7593792,309.7593792,309.7593792,312.4425638,space,2.6800511,None,312.4430019,0.6991756,0.9989471,313.4565581,313.4568593,313.4751992,313.4751992,313.4751992,317.1750894,50,1,[3.699680899968371],[3.6996869000140578],SAMPLE,1,2025-10-28_20h08.29.828,INTENTIONAL BINDING EXPERIMENT,,2025.1.1,60.14140448,2025-10-28 20h08.36.523327 +0530
0.4,1000,exp,97,1,3,space,0.9350175,None,130,1,[4.83305300003849],[4.833060200093314],3,1,37,10,317.1913036,,317.1752758,317.1913036,318.1743203,318.1743203,318.1912235,319.1244839,space,0.9350175,None,319.1249055,0.399491,0.6997581,319.8354939,319.8357575,319.8574996,319.8574996,319.8574996,324.6907789,130,1,[4.83305300003849],[4.833060200093314],SAMPLE,1,2025-10-28_20h08.29.828,INTENTIONAL BINDING EXPERIMENT,,2025.1.1,60.14140448,2025-10-28 20h08.36.523327 +0530
0.4,1000,exp,98,2,3,space,0.7318682,None,400,1,[2.1341939999256283],[2.134199900086969],3,2,38,4,324.7067517,,324.6909848,324.7067517,325.690056,325.690056,325.7068155,326.4235464,space,0.7318682,None,326.4239623,0.3995847,0.69913,327.14253,327.1428218,327.1558585,327.1558585,327.1558585,329.2902555,400,1,[2.1341939999256283],[2.134199900086969],SAMPLE,1,2025-10-28_20h08.29.828,INTENTIONAL BINDING EXPERIMENT,,2025.1.1,60.14140448,2025-10-28 20h08.36.523327 +0530
0.1,1000,exp,99,3,3,space,3.0717487,None,100,1,[2.68372380011715],[2.6837304001674056],3,3,39,6,329.3058772,,329.2904063,329.3058772,330.2892612,330.2892612,330.3057262,333.3725349,space,3.0717487,None,333.3729727,0.0991852,0.3993957,333.7888148,333.7890972,333.805019,333.805019,333.805019,336.4889613,100,1,[2.68372380011715],[2.6837304001674056],SAMPLE,1,2025-10-28_20h08.29.828,INTENTIONAL BINDING EXPERIMENT,,2025.1.1,60.14140448,2025-10-28 20h08.36.523327 +0530
0.4,400,unexp,100,4,3,space,3.3243881,None,500,1,[2.1505337001290172],[2.150540000060573],3,4,40,1,336.5045663,,336.48913,336.5045663,337.5046245,337.5046245,337.5046245,340.837878,space,3.3243881,None,340.8383111,0.3996316,0.6993387,341.5515234,341.55184,341.5700093,341.5700093,341.5700093,343.7207566,500,1,[2.1505337001290172],[2.150540000060573],SAMPLE,1,2025-10-28_20h08.29.828,INTENTIONAL BINDING EXPERIMENT,,2025.1.1,60.14140448,2025-10-28 20h08.36.523327 +0530
0.4,1000,exp,101,5,3,space,0.7118154,None,50,1,[2.3837892001029104],[2.3837957999203354],3,5,41,7,343.7369797,,343.7209341,343.7369797,344.7201505,344.7201505,344.7368482,345.436754,space,0.7118154,None,345.4371827,0.3995468,0.6993368,346.1489566,346.1492515,346.1693649,346.1693649,346.1693649,348.5533833,50,1,[2.3837892001029104],[2.3837957999203354],SAMPLE,1,2025-10-28_20h08.29.828,INTENTIONAL BINDING EXPERIMENT,,2025.1.1,60.14140448,2025-10-28 20h08.36.523327 +0530
0.7,1000,exp,102,6,3,space,0.3572196,None,400,1,[2.3337570000439882],[2.333763899980113],3,6,42,8,348.5693461,,348.5535727,348.5693461,349.569744,349.569744,349.569744,349.9367635,space,0.3572196,None,349.9371445,0.7167573,1.0322031,350.9722907,350.9725601,350.9854893,350.9854893,350.9854893,353.3194569,400,1,[2.3337570000439882],[2.333763899980113],SAMPLE,1,2025-10-28_20h08.29.828,INTENTIONAL BINDING EXPERIMENT,,2025.1.1,60.14140448,2025-10-28 20h08.36.523327 +0530
0.7,1000,exp,103,7,3,space,0.8925194,None,600,1,[3.067205399973318],[3.067211600020528],3,7,43,5,353.3353851,,353.3196404,353.3353851,354.3355093,354.3355093,354.3355093,355.2357448,space,0.8925194,None,355.2362038,0.7157397,1.0155964,356.2634513,356.26385,356.284355,356.284355,356.284355,359.3517781,600,1,[3.067205399973318],[3.067211600020528],SAMPLE,1,2025-10-28_20h08.29.828,INTENTIONAL BINDING EXPERIMENT,,2025.1.1,60.14140448,2025-10-28 20h08.36.523327 +0530
0.1,1000,exp,104,8,3,space,0.5005139,None,250,1,[3.48396909981966],[3.483975199982524],3,8,44,9,359.3673731,,359.3519337,359.3673731,360.3672881,360.3672881,360.3672881,360.8842595,space,0.5005139,None,360.8846985,0.1002673,0.399894,361.2975765,361.2979385,361.3167656,361.3167656,361.3167656,364.8009404,250,1,[3.48396909981966],[3.483975199982524],SAMPLE,1,2025-10-28_20h08.29.828,INTENTIONAL BINDING EXPERIMENT,,2025.1.1,60.14140448,2025-10-28 20h08.36.523327 +0530
0.1,400,unexp,105,9,3,space,1.6386967,None,400,1,[2.1003978000953794],[2.100402999902144],3,9,45,0,364.8166806,,364.8011235,364.8166806,365.7996599,365.7996599,365.8167204,367.4500967,space,1.6386967,None,367.4505187,0.0994733,0.3992953,367.8665606,367.8668457,367.8827614,367.8827614,367.8827614,369.9833462,400,1,[2.1003978000953794],[2.100402999902144],SAMPLE,1,2025-10-28_20h08.29.828,INTENTIONAL BINDING EXPERIMENT,,2025.1.1,60.14140448,2025-10-28 20h08.36.523327 +0530
0.1,1000,exp,106,10,3,space,0.5663958,None,500,1,[2.0177247999235988],[2.0177296998444945],3,10,46,3,369.9992642,,369.9835171,369.9992642,370.9986454,370.9986454,370.9986454,371.5660387,space,0.5663958,None,371.5664543,0.0997157,0.3993878,371.984802,371.9850921,371.9981376,371.9981376,371.9981376,374.0160412,500,1,[2.0177247999235988],[2.0177296998444945],SAMPLE,1,2025-10-28_20h08.29.828,INTENTIONAL BINDING EXPERIMENT,,2025.1.1,60.14140448,2025-10-28 20h08.36.523327 +0530
0.7,400,unexp,107,11,3,space,0.3507313,None,100,1,[2.1679106999654323],[2.1679177000187337],3,11,47,2,374.0321508,,374.0162199,374.0321508,375.0318542,375.0318542,375.0318542,375.3989637,space,0.3507313,None,375.399405,0.6990988,0.9989367,376.4103298,376.4106052,376.4307951,376.4307951,376.4307951,378.5989434,100,1,[2.1679106999654323],[2.1679177000187337],SAMPLE,1,2025-10-28_20h08.29.828,INTENTIONAL BINDING EXPERIMENT,,2025.1.1,60.14140448,2025-10-28 20h08.36.523327 +0530
0.7,400,unexp,108,0,4,space,1.1194591,None,300,1,[2.999888899968937],[2.999894900014624],4,0,48,2,378.6145854,,378.5991379,378.6145854,379.6141407,379.6141407,379.6141407,380.7476552,space,1.1194591,None,380.7480961,0.6995946,0.9994936,381.7651863,381.7654583,381.7806019,381.7806019,381.7806019,384.7807044,300,1,[2.999888899968937],[2.999894900014624],SAMPLE,1,2025-10-28_20h08.29.828,INTENTIONAL BINDING EXPERIMENT,,2025.1.1,60.14140448,2025-10-28 20h08.36.523327 +0530
0.4,1000,exp,109,1,4,space,3.5747611,None,250,1,[4.116331199882552],[4.116337999934331],4,1,49,4,384.7968733,,384.780876,384.7968733,385.7802891,385.7802891,385.7967987,389.3629002,space,3.5747611,None,389.3633055,0.39951,0.7001025,390.0751672,390.0754404,390.0958775,390.0958775,390.0958775,394.2124513,250,1,[4.116331199882552],[4.116337999934331],SAMPLE,1,2025-10-28_20h08.29.828,INTENTIONAL BINDING EXPERIMENT,,2025.1.1,60.14140448,2025-10-28 20h08.36.523327 +0530
0.1,1000,exp,110,2,4,space,1.1223698,None,250,1,[3.8006836001295596],[3.8006901000626385],4,2,50,6,394.2290936,,394.2126226,394.2290936,395.2119067,395.2119067,395.2286543,396.3453433,space,1.1223698,None,396.3457952,0.0996305,0.3992883,396.7625408,396.7628237,396.77762,396.77762,396.77762,400.5785304,"100
",1,[3.8006836001295596],[3.8006901000626385],SAMPLE,1,2025-10-28_20h08.29.828,INTENTIONAL BINDING EXPERIMENT,,2025.1.1,60.14140448,2025-10-28 20h08.36.523327 +0530
0.1,1000,exp,111,3,4,space,1.4546632,None,400,1,[3.5840748997870833],[3.584080599946901],4,3,51,3,400.5943549,,400.5786934,400.5943549,401.5939857,401.5939857,401.5939857,403.0607775,space,1.4546632,None,403.0612157,0.0999053,0.3994958,403.472299,403.472581,403.4931149,403.4931149,403.4931149,407.0773798,400,1,[3.5840748997870833],[3.584080599946901],SAMPLE,1,2025-10-28_20h08.29.828,INTENTIONAL BINDING EXPERIMENT,,2025.1.1,60.14140448,2025-10-28 20h08.36.523327 +0530
0.7,1000,exp,112,4,4,space,0.8141005,None,300,1,[2.2180991999339312],[2.2181128000374883],4,4,52,11,407.0935442,,407.0775406,407.0935442,408.0931146,408.0931146,408.0931146,408.9100127,space,0.8141005,None,408.9104853,0.6993562,0.9989643,409.9260307,409.9263134,409.9418515,409.9418515,409.9418515,412.1602249,300,1,[2.2180991999339312],[2.2181128000374883],SAMPLE,1,2025-10-28_20h08.29.828,INTENTIONAL BINDING EXPERIMENT,,2025.1.1,60.14140448,2025-10-28 20h08.36.523327 +0530
0.7,1000,exp,113,5,4,space,0.7951901,None,500,1,[1.8672132999636233],[1.8672195000108331],4,5,53,8,412.1759754,,412.1604205,412.1759754,413.1593762,413.1593762,413.1762546,413.9589083,space,0.7951901,None,413.9593216,0.6992721,0.9994051,414.9706943,414.970974,414.99145,414.99145,414.99145,416.8588983,500,1,[1.8672132999636233],[1.8672195000108331],SAMPLE,1,2025-10-28_20h08.29.828,INTENTIONAL BINDING EXPERIMENT,,2025.1.1,60.14140448,2025-10-28 20h08.36.523327 +0530
0.7,1000,exp,113,6,4,space,0.4607125,None,100,1,[1.5168308999855071],[1.5168366997968405],4,6,54,5,416.875254,,416.8590997,416.875254,417.8742776,417.8742776,417.8742776,418.3414276,space,0.4607125,None,418.3418287,0.6996791,0.9995545,419.3548222,419.3551142,419.3745722,419.3745722,419.3745722,420.8916088,100,1,[1.5168308999855071],[1.5168366997968405],SAMPLE,1,2025-10-28_20h08.29.828,INTENTIONAL BINDING EXPERIMENT,,2025.1.1,60.14140448,2025-10-28 20h08.36.523327 +0530
0.4,1000,exp,114,7,4,space,0.4050999,None,300,1,[2.7000527000054717],[2.7000589000526816],4,7,55,10,420.9077711,,420.8917736,420.9077711,421.9070262,421.9070262,421.9070262,422.3245423,space,0.4050999,None,422.3250043,0.4159018,0.7156121,423.0554043,423.0557326,423.0738006,423.0738006,423.0738006,425.7740533,300,1,[2.7000527000054717],[2.7000589000526816],SAMPLE,1,2025-10-28_20h08.29.828,INTENTIONAL BINDING EXPERIMENT,,2025.1.1,60.14140448,2025-10-28 20h08.36.523327 +0530
0.4,400,unexp,115,8,4,space,2.5812756,None,400,1,[1.9503821001853794],[1.9503887000028044],4,8,56,1,425.7902803,,425.774221,425.7902803,426.7899459,426.7899459,426.7899459,429.3734342,space,2.5812756,None,429.3738791,0.3991621,0.6991474,430.0848259,430.0852024,430.1055933,430.1055933,430.1055933,432.0562031,400,1,[1.9503821001853794],[1.9503887000028044],SAMPLE,1,2025-10-28_20h08.29.828,INTENTIONAL BINDING EXPERIMENT,,2025.1.1,60.14140448,2025-10-28 20h08.36.523327 +0530
0.4,1000,exp,116,9,4,space,1.0637054,None,600,1,[3.033907199976966],[3.0339134999085218],4,9,57,7,432.0723149,,432.0563923,432.0723149,433.0558407,433.0558407,433.0722663,434.1224242,space,1.0637054,None,434.1228509,0.3993409,0.6993359,434.83366,434.8339299,434.8549176,434.8549176,434.8549176,437.8890237,600,1,[3.033907199976966],[3.0339134999085218],SAMPLE,1,2025-10-28_20h08.29.828,INTENTIONAL BINDING EXPERIMENT,,2025.1.1,60.14140448,2025-10-28 20h08.36.523327 +0530
0.1,400,unexp,117,10,4,space,1.6112621,None,600,1,[3.2668685000389814],[3.266873699845746],4,10,58,0,437.9052996,,437.8891812,437.9052996,438.9045043,438.9045043,438.9045043,440.5208879,space,1.6112621,None,440.5213441,0.0997984,0.3999018,440.9335287,440.9337965,440.9539827,440.9539827,440.9539827,444.2210473,"250
",1,[3.2668685000389814],[3.266873699845746],SAMPLE,1,2025-10-28_20h08.29.828,INTENTIONAL BINDING EXPERIMENT,,2025.1.1,60.14140448,2025-10-28 20h08.36.523327 +0530
0.1,1000,exp,118,11,4,space,0.6009534,None,400,1,[2.417078500147909],[2.4170834999531507],4,11,59,9,444.2372172,,444.2212473,444.2372172,445.2204828,445.2204828,445.2371696,445.8369088,space,0.6009534,None,445.8373197,0.1002317,0.399551,446.2474897,446.2477553,446.2693821,446.2693821,446.2693821,448.6866652,400,1,[2.417078500147909],[2.4170834999531507],SAMPLE,1,2025-10-28_20h08.29.828,INTENTIONAL BINDING EXPERIMENT,,2025.1.1,60.14140448,2025-10-28 20h08.36.523327 +0530
0.1,1000,exp,119,0,0,space,1.1275694,None,400,1,[7.315967599861324],[7.315990400034934],0,0,0,3,0.050181,,0.0341641,0.050181,1.0019074,1.0019074,1.0503676,2.1603348,space,1.1275694,None,2.1612451,0.1074906,0.4076961,2.5856482,2.5867268,2.6159899,2.6159899,2.6159899,9.932566,"100
",1,[7.315967599861324],[7.315990400034934],p_03,1,2025-11-06_14h20.51.371,INTENTIONAL BINDING EXPERIMENT,,2025.1.1,59.65380512,2025-11-06 14h21.07.917331 +0530
0.1,1000,exp,120,1,0,space,0.6353445,None,300,1,[4.6648077997379005],[4.664826899766922],0,1,1,6,9.9486041,,9.9330692,9.9486041,10.9480844,10.9480844,10.9480844,11.5990783,space,0.6353445,None,11.6002136,0.1158604,0.4174952,12.0336777,12.0342781,12.0662591,12.0662591,12.0662591,16.7315593,300,1,[4.6648077997379005],[4.664826899766922],p_03,1,2025-11-06_14h20.51.371,INTENTIONAL BINDING EXPERIMENT,,2025.1.1,59.65380512,2025-11-06 14h21.07.917331 +0530
0.1,400,unexp,121,2,0,space,3.1018906,None,450,1,[2.9669332997873425],[2.9669478996656835],0,2,2,0,16.7481149,,16.7319767,16.7481149,17.7470027,17.7470027,17.763953,20.8650691,space,3.1018906,None,20.8658221,0.0992054,0.4002317,21.2820724,21.2826894,21.2963568,21.2963568,21.2963568,24.2636626,450,1,[2.9669332997873425],[2.9669478996656835],p_03,1,2025-11-06_14h20.51.371,INTENTIONAL BINDING EXPERIMENT,,2025.1.1,59.65380512,2025-11-06 14h21.07.917331 +0530
0.4,400,unexp,122,3,0,space,0.6939496,None,600,1,[2.0340356999076903],[2.034052699804306],0,3,3,1,24.2793573,,24.2639646,24.2793573,25.2634297,25.2634297,25.2805784,25.9652672,space,0.6939496,None,25.9660605,0.3995309,0.6993167,26.6782199,26.6788949,26.6954023,26.6954023,26.6954023,28.7298416,600,1,[2.0340356999076903],[2.034052699804306],p_03,1,2025-11-06_14h20.51.371,INTENTIONAL BINDING EXPERIMENT,,2025.1.1,59.65380512,2025-11-06 14h21.07.917331 +0530
0.7,1000,exp,123,4,0,space,0.9435264,None,250,1,[2.3343646000139415],[2.334378100000322],0,4,4,5,28.7450632,,28.730209,28.7450632,29.7292708,29.7292708,29.7474579,30.6796336,space,0.9435264,None,30.6804536,0.6995732,1.0008112,31.6933988,31.6941349,31.7111779,31.7111779,31.7111779,34.0459117,250,1,[2.3343646000139415],[2.334378100000322],p_03,1,2025-11-06_14h20.51.371,INTENTIONAL BINDING EXPERIMENT,,2025.1.1,59.65380512,2025-11-06 14h21.07.917331 +0530
0.4,1000,exp,124,5,0,space,0.8143527,None,100,1,[1.9838588000275195],[1.983873300254345],0,5,5,10,34.061399,,34.0462141,34.061399,35.0447607,35.0447607,35.0615602,35.8632825,space,0.8143527,None,35.8640867,0.3998147,0.6991841,36.5780433,36.5786303,36.5939485,36.5939485,36.5939485,38.5781541,100,1,[1.9838588000275195],[1.983873300254345],p_03,1,2025-11-06_14h20.51.371,INTENTIONAL BINDING EXPERIMENT,,2025.1.1,59.65380512,2025-11-06 14h21.07.917331 +0530
0.1,1000,exp,125,6,0,space,3.2336608,None,110,1,[3.566255799960345],[3.5662690000608563],0,6,6,9,38.5940919,,38.5784516,38.5940919,39.5784994,39.5784994,39.5956567,42.8132151,space,3.2336608,None,42.8142859,0.0998284,0.4153015,43.2289007,43.2295717,43.2596671,43.2596671,43.2596671,46.8263194,110,1,[3.566255799960345],[3.5662690000608563],p_03,1,2025-11-06_14h20.51.371,INTENTIONAL BINDING EXPERIMENT,,2025.1.1,59.65380512,2025-11-06 14h21.07.917331 +0530
0.4,1000,exp,126,7,0,space,0.4512188,None,210,1,[1.866574399638921],[1.866587699856609],0,7,7,7,46.8434411,,46.826618,46.8434411,47.8265437,47.8265437,47.8445473,48.2947804,space,0.4512188,None,48.2955625,0.4149497,0.7151781,49.0249653,49.0255634,49.0423231,49.0423231,49.0423231,50.909271,210,1,[1.866574399638921],[1.866587699856609],p_03,1,2025-11-06_14h20.51.371,INTENTIONAL BINDING EXPERIMENT,,2025.1.1,59.65380512,2025-11-06 14h21.07.917331 +0530
0.7,1000,exp,127,8,0,space,0.5554639,None,210,1,[4.100227700080723],[4.1002420000731945],0,8,8,8,50.925116,,50.909552,50.925116,51.9247684,51.9247684,51.9247684,52.4924706,space,0.5554639,None,52.4934927,0.7011936,1.0012217,53.5062861,53.5071816,53.5244029,53.5244029,53.5244029,57.6250162,210,1,[4.100227700080723],[4.1002420000731945],p_03,1,2025-11-06_14h20.51.371,INTENTIONAL BINDING EXPERIMENT,,2025.1.1,59.65380512,2025-11-06 14h21.07.917331 +0530
0.7,1000,exp,128,9,0,space,1.2521868,None,300,1,[1.6837119003757834],[1.6837287000380456],0,9,9,11,57.640865,,57.6253068,57.640865,58.6245757,58.6245757,58.6424687,59.8934327,space,1.2521868,None,59.8942131,0.7137609,1.0141005,60.9212723,60.9219097,60.9401139,60.9401139,60.9401139,62.6242233,300,1,[1.6837119003757834],[1.6837287000380456],p_03,1,2025-11-06_14h20.51.371,INTENTIONAL BINDING EXPERIMENT,,2025.1.1,59.65380512,2025-11-06 14h21.07.917331 +0530
0.4,1000,exp,129,10,0,space,0.7625831,None,360,1,[3.1002903999760747],[3.1003053998574615],0,10,10,4,62.6391853,,62.6245865,62.6391853,63.6253938,63.6253938,63.641419,64.3905183,space,0.7625831,None,64.3913649,0.4013599,0.7161249,65.1150854,65.1156785,65.1391277,65.1391277,65.1391277,68.2397989,360,1,[3.1002903999760747],[3.1003053998574615],p_03,1,2025-11-06_14h20.51.371,INTENTIONAL BINDING EXPERIMENT,,2025.1.1,59.65380512,2025-11-06 14h21.07.917331 +0530
0.7,400,unexp,130,11,0,space,0.5103376,None,620,1,[3.5486074001528323],[3.548620800022036],0,11,11,2,68.2555362,,68.2400846,68.2555362,69.2392262,69.2392262,69.2575729,69.7580239,space,0.5103376,None,69.7590984,0.7155464,1.0313542,70.7896866,70.7902525,70.8061419,70.8061419,70.8061419,74.3551286,620,1,[3.5486074001528323],[3.548620800022036],p_03,1,2025-11-06_14h20.51.371,INTENTIONAL BINDING EXPERIMENT,,2025.1.1,59.65380512,2025-11-06 14h21.07.917331 +0530
0.4,1000,exp,131,0,1,space,0.3171042,None,500,1,[1.8664897000417113],[1.8665036000311375],1,0,12,7,74.3709366,,74.3554079,74.3709366,75.3563502,75.3563502,75.3734791,75.6900846,space,0.3171042,None,75.6911212,0.3996621,0.6994021,76.4061354,76.4067299,76.4210484,76.4210484,76.4210484,78.2878767,500,1,[1.8664897000417113],[1.8665036000311375],p_03,1,2025-11-06_14h20.51.371,INTENTIONAL BINDING EXPERIMENT,,2025.1.1,59.65380512,2025-11-06 14h21.07.917331 +0530
0.1,1000,exp,132,1,1,space,0.4023002,None,340,1,[2.3650891999714077],[2.3651017998345196],1,1,13,9,78.3039806,,78.2881667,78.3039806,79.28975,79.28975,79.3054249,79.7064269,space,0.4023002,None,79.7071988,0.1157264,0.4156023,80.1402218,80.1408086,80.1716713,80.1716713,80.1716713,82.5372415,340,1,[2.3650891999714077],[2.3651017998345196],p_03,1,2025-11-06_14h20.51.371,INTENTIONAL BINDING EXPERIMENT,,2025.1.1,59.65380512,2025-11-06 14h21.07.917331 +0530
0.1,1000,exp,133,2,1,space,0.4204426,None,230,1,[2.9171017999760807],[2.9171184999868274],1,2,14,3,82.5539724,,82.5376233,82.5539724,83.5392772,83.5392772,83.555253,83.9729286,space,0.4204426,None,83.9739443,0.1151449,0.4158017,84.3966483,84.3972922,84.4192692,84.4192692,84.4192692,87.3368202,230,1,[2.9171017999760807],[2.9171184999868274],p_03,1,2025-11-06_14h20.51.371,INTENTIONAL BINDING EXPERIMENT,,2025.1.1,59.65380512,2025-11-06 14h21.07.917331 +0530
0.4,400,unexp,134,3,1,space,0.5417544,None,530,1,[1.984450299758464],[1.9844669997692108],1,3,15,1,87.3526483,,87.3371076,87.3526483,88.3519597,88.3519597,88.3519597,88.903013,space,0.5417544,None,88.9037903,0.3994495,0.6989256,89.6146972,89.6151699,89.6345559,89.6345559,89.6345559,91.6194356,530,1,[1.984450299758464],[1.9844669997692108],p_03,1,2025-11-06_14h20.51.371,INTENTIONAL BINDING EXPERIMENT,,2025.1.1,59.65380512,2025-11-06 14h21.07.917331 +0530
0.4,1000,exp,135,4,1,space,0.9094635,None,578,1,[2.431886900216341],[2.4319067001342773],1,4,16,4,91.6347733,,91.6197888,91.6347733,92.6204067,92.6204067,92.637298,93.5358301,space,0.9094635,None,93.5368351,0.3992383,0.7008315,94.2540494,94.2546903,94.2859572,94.2859572,94.2859572,96.7183648,578,1,[2.431886900216341],[2.4319067001342773],p_03,1,2025-11-06_14h20.51.371,INTENTIONAL BINDING EXPERIMENT,,2025.1.1,59.65380512,2025-11-06 14h21.07.917331 +0530
0.7,400,unexp,136,5,1,space,0.9328741,None,678,1,[2.2825890998356044],[2.2826050999574363],1,5,17,2,96.7347511,,96.7187706,96.7347511,97.7199507,97.7199507,97.7359059,98.6701011,space,0.9328741,None,98.6709258,0.7001059,1.0149106,99.6853686,99.6860344,99.7180403,99.7180403,99.7180403,102.0010865,678,1,[2.2825890998356044],[2.2826050999574363],p_03,1,2025-11-06_14h20.51.371,INTENTIONAL BINDING EXPERIMENT,,2025.1.1,59.65380512,2025-11-06 14h21.07.917331 +0530
0.7,1000,exp,137,6,1,space,0.3861305,None,789,1,[2.582318500149995],[2.5823321999050677],1,6,18,11,102.016548,,102.0014092,102.016548,103.0017984,103.0017984,103.0180441,103.4029708,space,0.3861305,None,103.4040099,0.7157958,1.0155526,104.4397054,104.4403084,104.4673442,104.4673442,104.4673442,107.0500431,789,1,[2.582318500149995],[2.5823321999050677],p_03,1,2025-11-06_14h20.51.371,INTENTIONAL BINDING EXPERIMENT,,2025.1.1,59.65380512,2025-11-06 14h21.07.917331 +0530
0.7,1000,exp,138,7,1,space,0.7786243,None,567,1,[1.4001020998694003],[1.4001136999577284],1,7,19,8,107.0654739,,107.0503267,107.0654739,108.0509048,108.0509048,108.0675978,108.8356278,space,0.7786243,None,108.8364197,0.7141187,1.0134392,109.8702864,109.8709076,109.898523,109.898523,109.898523,111.2989928,567,1,[1.4001020998694003],[1.4001136999577284],p_03,1,2025-11-06_14h20.51.371,INTENTIONAL BINDING EXPERIMENT,,2025.1.1,59.65380512,2025-11-06 14h21.07.917331 +0530
0.1,1000,exp,139,8,1,space,1.1304662,None,597,1,[2.2341328002512455],[2.2341473000124097],1,8,20,6,111.315082,,111.299307,111.315082,112.3000041,112.3000041,112.3162246,113.4342576,space,1.1304662,None,113.4350558,0.0995366,0.3993057,113.8452522,113.8458378,113.8643732,113.8643732,113.8643732,116.098855,597,1,[2.2341328002512455],[2.2341473000124097],p_03,1,2025-11-06_14h20.51.371,INTENTIONAL BINDING EXPERIMENT,,2025.1.1,59.65380512,2025-11-06 14h21.07.917331 +0530
0.1,400,unexp,140,9,1,space,0.9321827,None,345,1,[2.1500658001750708],[2.1500794999301434],1,9,21,0,116.1142019,,116.0991375,116.1142019,117.0998582,117.0998582,117.116582,118.0331181,space,0.9321827,None,118.033896,0.1162718,0.4328586,118.4663681,118.4669208,118.4971921,118.4971921,118.4971921,120.6475909,345,1,[2.1500658001750708],[2.1500794999301434],p_03,1,2025-11-06_14h20.51.371,INTENTIONAL BINDING EXPERIMENT,,2025.1.1,59.65380512,2025-11-06 14h21.07.917331 +0530
0.4,1000,exp,141,10,1,space,0.5477846,None,324,1,[1.666731999721378],[1.6667448999360204],1,10,22,10,120.6637389,,120.6478855,120.6637389,121.6479017,121.6479017,121.6644932,122.1998958,space,0.5477846,None,122.2006993,0.4144979,0.7155959,122.9259589,122.9265676,122.9463374,122.9463374,122.9463374,124.6134252,324,1,[1.666731999721378],[1.6667448999360204],p_03,1,2025-11-06_14h20.51.371,INTENTIONAL BINDING EXPERIMENT,,2025.1.1,59.65380512,2025-11-06 14h21.07.917331 +0530
0.7,1000,exp,142,11,1,space,0.530764,None,564,1,[2.8151601999998093],[2.815174600109458],1,11,23,5,124.6300278,,124.6137196,124.6300278,125.6149691,125.6149691,125.6318874,126.1475925,space,0.530764,None,126.1483816,0.7001322,1.0169373,127.1650665,127.1661671,127.197185,127.197185,127.197185,130.0127441,564,1,[2.8151601999998093],[2.815174600109458],p_03,1,2025-11-06_14h20.51.371,INTENTIONAL BINDING EXPERIMENT,,2025.1.1,59.65380512,2025-11-06 14h21.07.917331 +0530
0.7,1000,exp,143,0,2,space,0.3626629,None,365,1,[2.6170024001039565],[2.6170200002379715],2,0,24,8,130.028668,,130.0130403,130.028668,131.0139192,131.0139192,131.0306918,131.3815373,space,0.3626629,None,131.382569,0.7142735,1.0163097,132.4083716,132.4091369,132.4280647,132.4280647,132.4280647,135.045481,365,1,[2.6170024001039565],[2.6170200002379715],p_03,1,2025-11-06_14h20.51.371,INTENTIONAL BINDING EXPERIMENT,,2025.1.1,59.65380512,2025-11-06 14h21.07.917331 +0530
0.4,1000,exp,144,1,2,space,0.259577,None,234,1,[2.2329413001425564],[2.232954400125891],2,1,25,10,135.0611635,,135.0458427,135.0611635,136.0467558,136.0467558,136.0627224,136.3135519,space,0.259577,None,136.3144484,0.3990696,0.6992891,137.0279985,137.0286249,137.0446358,137.0446358,137.0446358,139.2779281,234,1,[2.2329413001425564],[2.232954400125891],p_03,1,2025-11-06_14h20.51.371,INTENTIONAL BINDING EXPERIMENT,,2025.1.1,59.65380512,2025-11-06 14h21.07.917331 +0530
0.4,1000,exp,145,2,2,space,0.7124074,None,205,1,[2.0485380003228784],[2.0485523003153503],2,2,26,4,139.2932921,,139.2782329,139.2932921,140.2791049,140.2791049,140.2954456,140.9965121,space,0.7124074,None,140.9972945,0.4146261,0.7154943,141.7289504,141.729528,141.7616225,141.7616225,141.7616225,143.8105678,205,1,[2.0485380003228784],[2.0485523003153503],p_03,1,2025-11-06_14h20.51.371,INTENTIONAL BINDING EXPERIMENT,,2025.1.1,59.65380512,2025-11-06 14h21.07.917331 +0530
0.4,400,unexp,146,3,2,space,0.6333564,None,267,1,[1.7838662001304328],[1.7838816000148654],2,3,27,1,143.8267508,,143.8109195,143.8267508,144.8102178,144.8102178,144.8285005,145.4453377,space,0.6333564,None,145.4461199,0.4004178,0.7000472,146.1571211,146.157853,146.1758426,146.1758426,146.1758426,147.9601253,267,1,[1.7838662001304328],[1.7838816000148654],p_03,1,2025-11-06_14h20.51.371,INTENTIONAL BINDING EXPERIMENT,,2025.1.1,59.65380512,2025-11-06 14h21.07.917331 +0530
0.4,1000,exp,147,4,2,space,0.7254955,None,489,1,[3.799845799803734],[3.799859299790114],2,4,28,7,147.9763639,,147.9604103,147.9763639,148.9612412,148.9612412,148.978179,149.6956879,space,0.7254955,None,149.6964581,0.4155034,0.7155147,150.4227766,150.4235199,150.4418349,150.4418349,150.4418349,154.2420157,489,1,[3.799845799803734],[3.799859299790114],p_03,1,2025-11-06_14h20.51.371,INTENTIONAL BINDING EXPERIMENT,,2025.1.1,59.65380512,2025-11-06 14h21.07.917331 +0530
0.7,1000,exp,148,5,2,space,0.333192,None,507,1,[3.0152350002899766],[3.015252700075507],2,5,29,11,154.2580904,,154.2423116,154.2580904,155.2428882,155.2428882,155.2602665,155.5772747,space,0.333192,None,155.5783001,0.7151461,1.015542,156.6111376,156.6117421,156.6425372,156.6425372,156.6425372,159.658228,507,1,[3.0152350002899766],[3.015252700075507],p_03,1,2025-11-06_14h20.51.371,INTENTIONAL BINDING EXPERIMENT,,2025.1.1,59.65380512,2025-11-06 14h21.07.917331 +0530
0.7,1000,exp,149,6,2,space,0.5094413,None,203,1,[2.9658154998905957],[2.9658283996395767],2,6,30,5,159.6734189,,159.6586156,159.6734189,160.6576788,160.6576788,160.6760176,161.1762301,space,0.5094413,None,161.1772467,0.7166394,1.0319709,162.2091156,162.2097607,162.2411336,162.2411336,162.2411336,165.2073485,203,1,[2.9658154998905957],[2.9658283996395767],p_03,1,2025-11-06_14h20.51.371,INTENTIONAL BINDING EXPERIMENT,,2025.1.1,59.65380512,2025-11-06 14h21.07.917331 +0530
0.1,400,unexp,150,7,2,space,0.4456759,None,456,1,[2.367419600021094],[2.3674357002601027],2,7,31,0,165.2228124,,165.2076366,165.2228124,166.2227323,166.2227323,166.2227323,166.6729152,space,0.4456759,None,166.6735642,0.1000565,0.3999151,167.085644,167.0862206,167.1051692,167.1051692,167.1051692,169.4730115,456,1,[2.367419600021094],[2.3674357002601027],p_03,1,2025-11-06_14h20.51.371,INTENTIONAL BINDING EXPERIMENT,,2025.1.1,59.65380512,2025-11-06 14h21.07.917331 +0530
0.1,1000,exp,151,8,2,space,2.9853544,None,569,1,[4.5000938000157475],[4.50010919990018],2,8,32,9,169.489024,,169.4733401,169.489024,170.4727946,170.4727946,170.4890478,173.4732152,space,2.9853544,None,173.4740631,0.1003164,0.4006512,173.8892628,173.8898328,173.9044667,173.9044667,173.9044667,178.4049675,569,1,[4.5000938000157475],[4.50010919990018],p_03,1,2025-11-06_14h20.51.371,INTENTIONAL BINDING EXPERIMENT,,2025.1.1,59.65380512,2025-11-06 14h21.07.917331 +0530
0.1,1000,exp,152,9,2,space,0.9564945,None,340,1,[2.000517399981618],[2.000529599841684],2,9,33,6,178.4209643,,178.4052712,178.4209643,179.4065103,179.4065103,179.4224888,180.3729991,space,0.9564945,None,180.374035,0.1162741,0.4163143,180.8014899,180.8022098,180.8201332,180.8201332,180.8201332,182.8210242,340,1,[2.000517399981618],[2.000529599841684],p_03,1,2025-11-06_14h20.51.371,INTENTIONAL BINDING EXPERIMENT,,2025.1.1,59.65380512,2025-11-06 14h21.07.917331 +0530
0.1,1000,exp,153,10,2,space,2.202411,None,400,1,[2.9501339998096228],[2.9501505997031927],2,10,34,3,182.8367541,,182.8213001,182.8367541,183.8223329,183.8223329,183.8381965,186.0393195,space,2.202411,None,186.0401042,0.1142424,0.4160471,186.4673906,186.4682113,186.4858542,186.4858542,186.4858542,189.436395,400,1,[2.9501339998096228],[2.9501505997031927],p_03,1,2025-11-06_14h20.51.371,INTENTIONAL BINDING EXPERIMENT,,2025.1.1,59.65380512,2025-11-06 14h21.07.917331 +0530
0.7,400,unexp,154,11,2,space,0.5953725,None,560,1,[1.534165299963206],[1.5341789000667632],2,11,35,2,189.4530953,,189.4367598,189.4530953,190.437001,190.437001,190.454344,191.0382826,space,0.5953725,None,191.0391111,0.6993798,1.01572,192.0564759,192.0570621,192.0849129,192.0849129,192.0849129,193.6194573,560,1,[1.534165299963206],[1.5341789000667632],p_03,1,2025-11-06_14h20.51.371,INTENTIONAL BINDING EXPERIMENT,,2025.1.1,59.65380512,2025-11-06 14h21.07.917331 +0530
0.1,400,unexp,155,0,3,space,0.2333535,None,700,1,[1.6334031000733376],[1.633416600059718],3,0,36,0,193.6347352,,193.6197437,193.6347352,194.620083,194.620083,194.6353933,194.8708006,space,0.2333535,None,194.8718628,0.1162704,0.4327843,195.3039482,195.3046297,195.3346924,195.3346924,195.3346924,196.9684764,700,1,[1.6334031000733376],[1.633416600059718],p_03,1,2025-11-06_14h20.51.371,INTENTIONAL BINDING EXPERIMENT,,2025.1.1,59.65380512,2025-11-06 14h21.07.917331 +0530
0.4,1000,exp,156,1,3,space,0.4396642,None,800,1,[1.3665157002396882],[1.3665281003341079],3,1,37,7,196.9839813,,196.9687941,196.9839813,197.9690997,197.9690997,197.9864108,198.4193835,space,0.4396642,None,198.4203398,0.3997005,0.6988174,199.1390143,199.1410068,199.1675203,199.1675203,199.1675203,200.5343951,800,1,[1.3665157002396882],[1.3665281003341079],p_03,1,2025-11-06_14h20.51.371,INTENTIONAL BINDING EXPERIMENT,,2025.1.1,59.65380512,2025-11-06 14h21.07.917331 +0530
0.4,1000,exp,157,2,3,space,0.8627971,None,560,1,[2.0840694000944495],[2.084082799963653],3,2,38,4,200.5503723,,200.5346951,200.5503723,201.5355576,201.5355576,201.5518829,202.4024341,space,0.8627971,None,202.403231,0.3998599,0.6996446,203.1181438,203.1186792,203.1332776,203.1332776,203.1332776,205.2177253,560,1,[2.0840694000944495],[2.084082799963653],p_03,1,2025-11-06_14h20.51.371,INTENTIONAL BINDING EXPERIMENT,,2025.1.1,59.65380512,2025-11-06 14h21.07.917331 +0530
0.7,1000,exp,158,3,3,space,0.8346415,None,450,1,[2.0000168001279235],[2.0000293999910355],3,3,39,11,205.2329587,,205.2180065,205.2329587,206.2184819,206.2184819,206.2337425,207.0686638,space,0.8346415,None,207.0695155,0.6997174,0.9994332,208.0783283,208.0789366,208.0993106,208.0993106,208.0993106,210.099673,450,1,[2.0000168001279235],[2.0000293999910355],p_03,1,2025-11-06_14h20.51.371,INTENTIONAL BINDING EXPERIMENT,,2025.1.1,59.65380512,2025-11-06 14h21.07.917331 +0530
0.7,1000,exp,159,4,3,space,0.3941729,None,605,1,[2.899676499888301],[2.8996978998184204],3,4,40,8,210.1151424,,210.0999824,210.1151424,211.1005335,211.1005335,211.1174187,211.5006996,space,0.3941729,None,211.5015409,0.7170248,1.0325832,212.5370798,212.5376469,212.5652973,212.5652973,212.5652973,215.4653897,605,1,[2.899676499888301],[2.8996978998184204],p_03,1,2025-11-06_14h20.51.371,INTENTIONAL BINDING EXPERIMENT,,2025.1.1,59.65380512,2025-11-06 14h21.07.917331 +0530
0.1,1000,exp,160,5,3,space,0.4642591,None,680,1,[3.2000177996233106],[3.200030299834907],3,5,41,3,215.4808018,,215.4657186,215.4808018,216.4669405,216.4669405,216.4817496,216.9324399,space,0.4642591,None,216.9331911,0.1008102,0.4006649,217.3459131,217.3468982,217.3640243,217.3640243,217.3640243,220.5643618,680,1,[3.2000177996233106],[3.200030299834907],p_03,1,2025-11-06_14h20.51.371,INTENTIONAL BINDING EXPERIMENT,,2025.1.1,59.65380512,2025-11-06 14h21.07.917331 +0530
0.7,400,unexp,161,6,3,space,0.3160426,None,500,1,[3.6331854998134077],[3.633200299926102],3,6,42,2,220.5806409,,220.5646543,220.5806409,221.5641794,221.5641794,221.5814778,221.8823223,space,0.3160426,None,221.8833822,0.7161114,1.0155006,222.9115087,222.9124269,222.9301578,222.9301578,222.9301578,226.563764,500,1,[3.6331854998134077],[3.633200299926102],p_03,1,2025-11-06_14h20.51.371,INTENTIONAL BINDING EXPERIMENT,,2025.1.1,59.65380512,2025-11-06 14h21.07.917331 +0530
0.1,1000,exp,162,7,3,space,0.4390422,None,450,1,[1.950420499779284],[1.9504363001324236],3,7,43,6,226.5791174,,226.5640458,226.5791174,227.5633766,227.5633766,227.5801185,228.0154469,space,0.4390422,None,228.0162311,0.0991009,0.3997859,228.4301503,228.4308005,228.445536,228.445536,228.445536,230.3963774,450,1,[1.950420499779284],[1.9504363001324236],p_03,1,2025-11-06_14h20.51.371,INTENTIONAL BINDING EXPERIMENT,,2025.1.1,59.65380512,2025-11-06 14h21.07.917331 +0530
0.4,400,unexp,163,8,3,space,1.4149941,None,500,1,[2.9837264004163444],[2.9837399004027247],3,8,44,1,230.4125134,,230.3967549,230.4125134,231.3972231,231.3972231,231.414198,232.8154674,space,1.4149941,None,232.8164487,0.4154626,0.7317628,233.549757,233.5503247,233.578222,233.578222,233.578222,236.5623231,500,1,[2.9837264004163444],[2.9837399004027247],p_03,1,2025-11-06_14h20.51.371,INTENTIONAL BINDING EXPERIMENT,,2025.1.1,59.65380512,2025-11-06 14h21.07.917331 +0530
0.4,1000,exp,164,9,3,space,0.3827609,None,356,1,[1.851832099724561],[1.8518518996424973],3,9,45,10,236.5782967,,236.5626163,236.5782967,237.5621154,237.5621154,237.5804806,237.9454981,space,0.3827609,None,237.946511,0.4009617,0.7006298,238.6580827,238.6587518,238.6770909,238.6770909,238.6770909,240.5293313,356,1,[1.851832099724561],[1.8518518996424973],p_03,1,2025-11-06_14h20.51.371,INTENTIONAL BINDING EXPERIMENT,,2025.1.1,59.65380512,2025-11-06 14h21.07.917331 +0530
0.1,1000,exp,165,10,3,space,1.5831969,None,456,1,[3.466580899897963],[3.466596500016749],3,10,46,9,240.5434816,,240.5296982,240.5434816,241.5294681,241.5294681,241.5462224,243.1281996,space,1.5831969,None,243.1291662,0.1008751,0.4003854,243.5404652,243.5410764,243.5596147,243.5596147,243.5596147,247.026606,456,1,[3.466580899897963],[3.466596500016749],p_03,1,2025-11-06_14h20.51.371,INTENTIONAL BINDING EXPERIMENT,,2025.1.1,59.65380512,2025-11-06 14h21.07.917331 +0530
0.7,1000,exp,166,11,3,space,0.6598496,None,578,1,[3.351766100153327],[3.3517924998886883],3,11,47,5,247.0428167,,247.0269429,247.0428167,248.0279546,248.0279546,248.0450499,248.6944408,space,0.6598496,None,248.6954607,0.7143394,1.0150913,249.7308,249.7314052,249.7583478,249.7583478,249.7583478,253.1107932,578,1,[3.351766100153327],[3.3517924998886883],p_03,1,2025-11-06_14h20.51.371,INTENTIONAL BINDING EXPERIMENT,,2025.1.1,59.65380512,2025-11-06 14h21.07.917331 +0530
0.1,1000,exp,167,0,4,space,0.5108189,None,789,1,[12.632696200162172],[12.632720400113612],4,0,48,3,253.126112,,253.1112177,253.126112,254.1250466,254.1250466,254.1250466,254.6421241,space,0.5108189,None,254.6428134,0.0991836,0.3999531,255.0628067,255.0632731,255.0905185,255.0905185,255.0905185,267.7235999,789,1,[12.632696200162172],[12.632720400113612],p_03,1,2025-11-06_14h20.51.371,INTENTIONAL BINDING EXPERIMENT,,2025.1.1,59.65380512,2025-11-06 14h21.07.917331 +0530
0.7,1000,exp,168,1,4,space,0.9960302,None,500,1,[1.617237700149417],[1.617253600154072],4,1,49,11,267.7398515,,267.7239401,267.7398515,268.7249844,268.7249844,268.7410583,269.724779,space,0.9960302,None,269.7256274,0.6998344,0.9993978,270.7449601,270.745592,270.7719406,270.7719406,270.7719406,272.3895831,500,1,[1.617237700149417],[1.617253600154072],p_03,1,2025-11-06_14h20.51.371,INTENTIONAL BINDING EXPERIMENT,,2025.1.1,59.65380512,2025-11-06 14h21.07.917331 +0530
0.4,1000,exp,169,2,4,space,0.2900229,None,320,1,[2.0835782000795007],[2.0835914998315275],4,2,50,4,272.4055819,,272.3898668,272.4055819,273.3899188,273.3899188,273.4076813,273.6909918,space,0.2900229,None,273.6920204,0.4001678,0.6992097,274.4022925,274.402922,274.4213854,274.4213854,274.4213854,276.5052985,320,1,[2.0835782000795007],[2.0835914998315275],p_03,1,2025-11-06_14h20.51.371,INTENTIONAL BINDING EXPERIMENT,,2025.1.1,59.65380512,2025-11-06 14h21.07.917331 +0530
0.7,1000,exp,170,3,4,space,0.4015986,None,130,1,[2.1669661002233624],[2.166983200237155],4,3,51,5,276.5212651,,276.5055924,276.5212651,277.5062767,277.5062767,277.523893,277.9233117,space,0.4015986,None,277.9243373,0.6995455,0.9992179,278.9337572,278.9344126,278.9537182,278.9537182,278.9537182,281.1210685,130,1,[2.1669661002233624],[2.166983200237155],p_03,1,2025-11-06_14h20.51.371,INTENTIONAL BINDING EXPERIMENT,,2025.1.1,59.65380512,2025-11-06 14h21.07.917331 +0530
0.4,400,unexp,171,4,4,space,0.3208286,None,213,1,[3.0670340000651777],[3.067050800193101],4,4,52,1,281.1369154,,281.1214323,281.1369154,282.1225757,282.1225757,282.1373893,282.4556718,space,0.3208286,None,282.4567052,0.3999729,0.7002054,283.1717836,283.1723736,283.2032958,283.2032958,283.2032958,286.2707629,213,1,[3.0670340000651777],[3.067050800193101],p_03,1,2025-11-06_14h20.51.371,INTENTIONAL BINDING EXPERIMENT,,2025.1.1,59.65380512,2025-11-06 14h21.07.917331 +0530
0.1,400,unexp,172,5,4,space,0.464785,None,304,1,[11.449405400082469],[11.44942170009017],4,5,53,0,286.2858241,,286.2711135,286.2858241,287.2705289,287.2705289,287.2875362,287.7393077,space,0.464785,None,287.740318,0.1159827,0.4153158,288.1706064,288.1712916,288.1858324,288.1858324,288.1858324,299.6356996,304,1,[11.449405400082469],[11.44942170009017],p_03,1,2025-11-06_14h20.51.371,INTENTIONAL BINDING EXPERIMENT,,2025.1.1,59.65380512,2025-11-06 14h21.07.917331 +0530
0.1,1000,exp,173,6,4,space,0.0511456,None,400,1,[4.183843799866736],[4.183858999982476],4,6,54,6,299.6512873,,299.6360835,299.6512873,300.6355209,300.6355209,300.6527763,300.7034827,space,0.0511456,None,300.7042724,0.1155569,0.4160397,301.1311275,301.1319548,301.1503002,301.1503002,301.1503002,305.334548,400,1,[4.183843799866736],[4.183858999982476],p_03,1,2025-11-06_14h20.51.371,INTENTIONAL BINDING EXPERIMENT,,2025.1.1,59.65380512,2025-11-06 14h21.07.917331 +0530
0.4,1000,exp,174,7,4,space,0.2605073,None,500,1,[2.6652905996888876],[2.66530520003289],4,7,55,7,305.3496233,,305.3348434,305.3496233,306.3350165,306.3350165,306.3498978,306.601363,space,0.2605073,None,306.6021061,0.4001642,0.6995894,307.3182728,307.3188579,307.3505745,307.3505745,307.3505745,310.0163015,500,1,[2.6652905996888876],[2.66530520003289],p_03,1,2025-11-06_14h20.51.371,INTENTIONAL BINDING EXPERIMENT,,2025.1.1,59.65380512,2025-11-06 14h21.07.917331 +0530
0.1,1000,exp,175,8,4,space,1.2674859,None,10,1,[3.5321217998862267],[3.5321341999806464],4,8,56,9,310.0330265,,310.0166105,310.0330265,311.0176678,311.0176678,311.0337347,312.2997125,space,1.2674859,None,312.3005028,0.1011338,0.4009232,312.7180791,312.7186146,312.7497157,312.7497157,312.7497157,316.2822217,10,1,[3.5321217998862267],[3.5321341999806464],p_03,1,2025-11-06_14h20.51.371,INTENTIONAL BINDING EXPERIMENT,,2025.1.1,59.65380512,2025-11-06 14h21.07.917331 +0530
0.4,1000,exp,176,9,4,space,0.493549,None,111,1,[6.515927599743009],[6.515939799603075],4,9,57,10,316.2979223,,316.282522,316.2979223,317.2834981,317.2834981,317.3000889,317.7831896,space,0.493549,None,317.7843197,0.4001506,0.699822,318.4991869,318.4997646,318.5142668,318.5142668,318.5142668,325.0305665,111,1,[6.515927599743009],[6.515939799603075],p_03,1,2025-11-06_14h20.51.371,INTENTIONAL BINDING EXPERIMENT,,2025.1.1,59.65380512,2025-11-06 14h21.07.917331 +0530
0.7,400,unexp,177,10,4,space,0.5941558,None,676,1,[2.6656073997728527],[2.6656237998977304],4,10,58,2,325.0464608,,325.0308362,325.0464608,326.031433,326.031433,326.0488599,326.6321481,space,0.5941558,None,326.6331669,0.6996358,0.9996709,327.6502784,327.6508626,327.6805277,327.6805277,327.6805277,330.3465196,676,1,[2.6656073997728527],[2.6656237998977304],p_03,1,2025-11-06_14h20.51.371,INTENTIONAL BINDING EXPERIMENT,,2025.1.1,59.65380512,2025-11-06 14h21.07.917331 +0530
0.7,1000,exp,178,11,4,space,0.3500276,None,80,1,[2.6513769002631307],[2.6513915001414716],4,11,59,8,330.3622232,,330.3468129,330.3622232,331.3622054,331.3622054,331.3622054,331.7131409,space,0.3500276,None,331.7141059,0.6990703,0.9988853,332.7287567,332.7292196,332.7610882,332.7610882,332.7610882,335.4128851,80,1,[2.6513769002631307],[2.6513915001414716],p_03,1,2025-11-06_14h20.51.371,INTENTIONAL BINDING EXPERIMENT,,2025.1.1,59.65380512,2025-11-06 14h21.07.917331 +0530
0.1,1000,exp,179,0,0,space,0.5633817,None,90,1,[6.800195999909192],[6.800205999985337],0,0,0,3,0.0618293,,0.0397843,0.0618293,1.0127411,1.0127411,1.0621903,1.5857038,space,0.5633817,None,1.5866838,0.1089604,0.4092145,2.0046225,2.0055623,2.0272027,2.0272027,2.0272027,8.8277423,90,1,[6.800195999909192],[6.800205999985337],final,1,2025-11-06_14h28.07.913,INTENTIONAL BINDING EXPERIMENT,,2025.1.1,60.1635486,2025-11-06 14h28.13.896664 +0530
0.7,400,unexp,180,1,0,space,0.690238,None,450,1,[1.7015303000807762],[1.7015423001721501],0,1,1,2,8.8435346,,8.8280862,8.8435346,9.8433697,9.8433697,9.8433697,10.5440463,space,0.690238,None,10.5448263,0.6996173,0.9989557,11.5635357,11.5640014,11.5928391,11.5928391,11.5928391,13.2948228,450,1,[1.7015303000807762],[1.7015423001721501],final,1,2025-11-06_14h28.07.913,INTENTIONAL BINDING EXPERIMENT,,2025.1.1,60.1635486,2025-11-06 14h28.13.896664 +0530
0.7,1000,exp,181,2,0,space,0.529977,None,568,1,[2.1512055001221597],[2.151219699997455],0,2,2,5,13.3100524,,13.2951266,13.3100524,14.3096613,14.3096613,14.3096613,14.8435244,space,0.529977,None,14.844352,0.7156497,1.0158118,15.8715868,15.8723243,15.8914324,15.8914324,15.8914324,18.0430937,568,1,[2.1512055001221597],[2.151219699997455],final,1,2025-11-06_14h28.07.913,INTENTIONAL BINDING EXPERIMENT,,2025.1.1,60.1635486,2025-11-06 14h28.13.896664 +0530
0.4,1000,exp,182,3,0,space,0.3681642,None,60,1,[1.2180710998363793],[1.218085499946028],0,3,3,7,18.0587787,,18.0435221,18.0587787,19.0421732,19.0421732,19.0586612,19.4256551,space,0.3681642,None,19.4265738,0.3995436,0.6991176,20.136537,20.1381721,20.1575375,20.1575375,20.1575375,21.3760385,60,1,[1.2180710998363793],[1.218085499946028],final,1,2025-11-06_14h28.07.913,INTENTIONAL BINDING EXPERIMENT,,2025.1.1,60.1635486,2025-11-06 14h28.13.896664 +0530
0.4,1000,exp,183,4,0,space,0.3019555,None,450,1,[3.1517635001800954],[3.151774600148201],0,4,4,4,21.3913393,,21.3764356,21.3913393,22.3909029,22.3909029,22.3909029,22.7083747,space,0.3019555,None,22.7090251,0.3999639,0.6993994,23.4230556,23.4234705,23.4400699,23.4400699,23.4400699,26.5921686,450,1,[3.1517635001800954],[3.151774600148201],final,1,2025-11-06_14h28.07.913,INTENTIONAL BINDING EXPERIMENT,,2025.1.1,60.1635486,2025-11-06 14h28.13.896664 +0530
0.7,1000,exp,184,5,0,space,0.3182996,None,555,1,[1.518330399878323],[1.5183414001949131],0,5,5,8,26.6073246,,26.5924601,26.6073246,27.6070326,27.6070326,27.6070326,27.9410993,space,0.3182996,None,27.9420466,0.7161032,1.0157685,28.9703996,28.9708686,28.989601,28.989601,28.989601,30.5082833,555,1,[1.518330399878323],[1.5183414001949131],final,1,2025-11-06_14h28.07.913,INTENTIONAL BINDING EXPERIMENT,,2025.1.1,60.1635486,2025-11-06 14h28.13.896664 +0530
0.4,1000,exp,185,6,0,space,1.4108352,None,980,1,[4.384082700125873],[4.384095800109208],0,6,6,10,30.5236631,,30.5085739,30.5236631,31.5232879,31.5232879,31.5232879,32.9398652,space,1.4108352,None,32.9407834,0.4001373,0.6998109,33.6538341,33.6542996,33.6721767,33.6721767,33.6721767,38.0566678,980,1,[4.384082700125873],[4.384095800109208],final,1,2025-11-06_14h28.07.913,INTENTIONAL BINDING EXPERIMENT,,2025.1.1,60.1635486,2025-11-06 14h28.13.896664 +0530
0.4,400,unexp,186,7,0,space,0.283771,None,100,1,[6.750358100049198],[6.750368599779904],0,7,7,1,38.0719808,,38.0570256,38.0719808,39.072041,39.072041,39.072041,39.3722432,space,0.283771,None,39.3731379,0.3992792,0.6996409,40.0830369,40.0834749,40.1040073,40.1040073,40.1040073,46.8547442,100,1,[6.750358100049198],[6.750368599779904],final,1,2025-11-06_14h28.07.913,INTENTIONAL BINDING EXPERIMENT,,2025.1.1,60.1635486,2025-11-06 14h28.13.896664 +0530
0.1,400,unexp,187,8,0,space,0.5448286,None,222,1,[3.0008306996896863],[3.0008413000032306],0,8,8,0,46.8706572,,46.8550971,46.8706572,47.8535636,47.8535636,47.8707527,48.4042941,space,0.5448286,None,48.4049345,0.0990923,0.3992317,48.8206118,48.8210653,48.8360933,48.8360933,48.8360933,51.8372714,222,1,[3.0008306996896863],[3.0008413000032306],final,1,2025-11-06_14h28.07.913,INTENTIONAL BINDING EXPERIMENT,,2025.1.1,60.1635486,2025-11-06 14h28.13.896664 +0530
0.7,1000,exp,188,9,0,space,0.6475032,None,234,1,[1.9180843001231551],[1.9180982001125813],0,9,9,11,51.8531983,,51.8375855,51.8531983,52.8530954,52.8530954,52.8530954,53.5033345,space,0.6475032,None,53.5039758,0.6996952,0.9993772,54.5149179,54.5153491,54.5353613,54.5353613,54.5353613,56.4538733,234,1,[1.9180843001231551],[1.9180982001125813],final,1,2025-11-06_14h28.07.913,INTENTIONAL BINDING EXPERIMENT,,2025.1.1,60.1635486,2025-11-06 14h28.13.896664 +0530
0.1,1000,exp,189,10,0,space,0.5676232,None,123,1,[1.4847129001282156],[1.4847291000187397],0,10,10,9,56.469178,,56.4542677,56.469178,57.4691874,57.4691874,57.4691874,58.0527244,space,0.5676232,None,58.0535944,0.0999311,0.3995237,58.4652496,58.4658078,58.4846733,58.4846733,58.4846733,59.9698563,123,1,[1.4847129001282156],[1.4847291000187397],final,1,2025-11-06_14h28.07.913,INTENTIONAL BINDING EXPERIMENT,,2025.1.1,60.1635486,2025-11-06 14h28.13.896664 +0530
0.1,1000,exp,190,11,0,space,0.6181854,None,234,1,[1.534965300001204],[1.5349776004441082],0,11,11,6,59.985171,,59.9702476,59.985171,60.9851571,60.9851571,60.9851571,61.6187436,space,0.6181854,None,61.6194351,0.0993582,0.4004655,62.0367647,62.0372017,62.0508851,62.0508851,62.0508851,63.5862656,234,1,[1.534965300001204],[1.5349776004441082],final,1,2025-11-06_14h28.07.913,INTENTIONAL BINDING EXPERIMENT,,2025.1.1,60.1635486,2025-11-06 14h28.13.896664 +0530
0.4,1000,exp,191,0,1,space,0.2696809,None,324,1,[2.6502871001139283],[2.6503070001490414],1,0,12,7,63.6017589,,63.5865668,63.6017589,64.6017834,64.6017834,64.6017834,64.8871628,space,0.2696809,None,64.8882275,0.4152068,0.7150655,65.6215456,65.6222269,65.6514532,65.6514532,65.6514532,68.3023233,324,1,[2.6502871001139283],[2.6503070001490414],final,1,2025-11-06_14h28.07.913,INTENTIONAL BINDING EXPERIMENT,,2025.1.1,60.1635486,2025-11-06 14h28.13.896664 +0530
0.1,1000,exp,192,1,1,space,0.2646567,None,650,1,[1.9006449999287724],[1.900658699683845],1,1,13,9,68.3177832,,68.3027384,68.3177832,69.3172178,69.3172178,69.3172178,69.5844509,space,0.2646567,None,69.5851611,0.0998678,0.3997622,70.0021431,70.0026375,70.033525,70.033525,70.033525,71.9346113,650,1,[1.9006449999287724],[1.900658699683845],final,1,2025-11-06_14h28.07.913,INTENTIONAL BINDING EXPERIMENT,,2025.1.1,60.1635486,2025-11-06 14h28.13.896664 +0530
0.4,400,unexp,193,2,1,space,0.4125123,None,654,1,[2.3677691998891532],[2.367779199965298],1,2,14,1,71.949998,,71.9349721,71.949998,72.9497802,72.9497802,72.9497802,73.3672273,space,0.4125123,None,73.3678723,0.3992779,0.6989205,74.0782151,74.0787089,74.0989543,74.0989543,74.0989543,76.4671192,654,1,[2.3677691998891532],[2.367779199965298],final,1,2025-11-06_14h28.07.913,INTENTIONAL BINDING EXPERIMENT,,2025.1.1,60.1635486,2025-11-06 14h28.13.896664 +0530
0.1,1000,exp,194,3,1,space,0.3382999,None,645,1,[1.934247300028801],[1.9342594998888671],1,3,15,6,76.4826045,,76.467436,76.4826045,77.4657481,77.4657481,77.4826931,77.8160585,space,0.3382999,None,77.8166959,0.0999708,0.3996487,78.2283103,78.228877,78.248407,78.248407,78.248407,80.1830849,645,1,[1.934247300028801],[1.9342594998888671],final,1,2025-11-06_14h28.07.913,INTENTIONAL BINDING EXPERIMENT,,2025.1.1,60.1635486,2025-11-06 14h28.13.896664 +0530
0.1,1000,exp,195,4,1,space,0.619385,None,685,1,[2.20149980019778],[2.201509800273925],1,4,16,3,80.1993456,,80.1833921,80.1993456,81.1986759,81.1986759,81.1986759,81.8322002,space,0.619385,None,81.832871,0.099637,0.3993271,82.2514468,82.2518919,82.2641677,82.2641677,82.2641677,84.4660319,685,1,[2.20149980019778],[2.201509800273925],final,1,2025-11-06_14h28.07.913,INTENTIONAL BINDING EXPERIMENT,,2025.1.1,60.1635486,2025-11-06 14h28.13.896664 +0530
0.4,1000,exp,196,5,1,space,0.5118097,None,234,1,[3.001591600012034],[3.0016071000136435],1,5,17,10,84.4816998,,84.4663239,84.4816998,85.4649743,85.4649743,85.4811966,85.9816419,space,0.5118097,None,85.9823282,0.3991846,0.6993369,86.697644,86.6980996,86.7131009,86.7131009,86.7131009,89.7151585,234,1,[3.001591600012034],[3.0016071000136435],final,1,2025-11-06_14h28.07.913,INTENTIONAL BINDING EXPERIMENT,,2025.1.1,60.1635486,2025-11-06 14h28.13.896664 +0530
0.7,1000,exp,197,6,1,space,0.3498351,None,890,1,[2.234815599862486],[2.234825599938631],1,6,18,8,89.7302244,,89.7155975,89.7302244,90.730731,90.730731,90.730731,91.098054,space,0.3498351,None,91.0989246,0.699848,1.0160201,92.1181182,92.1185575,92.1459236,92.1459236,92.1459236,94.3810979,890,1,[2.234815599862486],[2.234825599938631],final,1,2025-11-06_14h28.07.913,INTENTIONAL BINDING EXPERIMENT,,2025.1.1,60.1635486,2025-11-06 14h28.13.896664 +0530
0.7,1000,exp,198,7,1,space,0.3292856,None,576,1,[3.0991887003183365],[3.099199099931866],1,7,19,11,94.3968312,,94.3814,94.3968312,95.3820477,95.3820477,95.3968512,95.7155066,space,0.3292856,None,95.7162571,0.6995508,1.0141404,96.7298351,96.7303959,96.7469746,96.7469746,96.7469746,99.8465089,576,1,[3.0991887003183365],[3.099199099931866],final,1,2025-11-06_14h28.07.913,INTENTIONAL BINDING EXPERIMENT,,2025.1.1,60.1635486,2025-11-06 14h28.13.896664 +0530
0.1,400,unexp,199,8,1,space,0.3452203,None,456,1,[2.433771699666977],[2.4337844997644424],1,8,20,0,99.8619886,,99.8469038,99.8619886,100.8477227,100.8477227,100.8625163,101.1982465,space,0.3452203,None,101.1990814,0.0990789,0.3988402,101.610415,101.6109813,101.6283318,101.6283318,101.6283318,104.0624926,456,1,[2.433771699666977],[2.4337844997644424],final,1,2025-11-06_14h28.07.913,INTENTIONAL BINDING EXPERIMENT,,2025.1.1,60.1635486,2025-11-06 14h28.13.896664 +0530
0.7,400,unexp,200,9,1,space,0.5171131,None,87,1,[2.065248900093138],[2.065258900169283],1,9,21,2,104.0776256,,104.0628579,104.0776256,105.06341,105.06341,105.0786661,105.5973947,space,0.5171131,None,105.5982302,0.6991751,0.9984078,106.6135487,106.6141361,106.6459606,106.6459606,106.6459606,108.711596,87,1,[2.065248900093138],[2.065258900169283],final,1,2025-11-06_14h28.07.913,INTENTIONAL BINDING EXPERIMENT,,2025.1.1,60.1635486,2025-11-06 14h28.13.896664 +0530
0.4,1000,exp,201,10,1,space,0.326023,None,340,1,[1.7163093998096883],[1.7163193998858333],1,10,22,4,108.7270879,,108.7118765,108.7270879,109.7123376,109.7123376,109.7294697,110.0444689,space,0.326023,None,110.0452857,0.4016412,0.7017038,110.7633561,110.7639446,110.794379,110.794379,110.794379,112.5110702,340,1,[1.7163093998096883],[1.7163193998858333],final,1,2025-11-06_14h28.07.913,INTENTIONAL BINDING EXPERIMENT,,2025.1.1,60.1635486,2025-11-06 14h28.13.896664 +0530
0.7,1000,exp,202,11,1,space,0.500655,None,400,1,[3.1820972999557853],[3.1821098001673818],1,11,23,5,112.5262878,,112.5113671,112.5262878,113.5122553,113.5122553,113.5287209,114.0295336,space,0.500655,None,114.0303441,0.6991614,0.9987099,115.0382269,115.0391009,115.0605991,115.0605991,115.0605991,118.2431544,400,1,[3.1820972999557853],[3.1821098001673818],final,1,2025-11-06_14h28.07.913,INTENTIONAL BINDING EXPERIMENT,,2025.1.1,60.1635486,2025-11-06 14h28.13.896664 +0530
0.4,1000,exp,203,0,2,space,0.4545619,None,230,1,[3.1324061998166144],[3.132416400127113],2,0,24,10,118.25913,,118.2435174,118.25913,119.2428456,119.2428456,119.2607291,119.712193,space,0.4545619,None,119.7132967,0.4157824,0.7307797,120.443302,120.4439955,120.4599993,120.4599993,120.4599993,123.5927956,230,1,[3.1324061998166144],[3.132416400127113],final,1,2025-11-06_14h28.07.913,INTENTIONAL BINDING EXPERIMENT,,2025.1.1,60.1635486,2025-11-06 14h28.13.896664 +0530
0.7,1000,exp,204,1,2,space,0.347779,None,360,1,[1.9991442998871207],[1.9991556997410953],2,1,25,11,123.6079587,,123.5930784,123.6079587,124.5938174,124.5938174,124.6104867,124.9422078,space,0.347779,None,124.9429601,0.6994809,1.0003442,125.9604998,125.9611051,125.992086,125.992086,125.992086,127.9916373,360,1,[1.9991442998871207],[1.9991556997410953],final,1,2025-11-06_14h28.07.913,INTENTIONAL BINDING EXPERIMENT,,2025.1.1,60.1635486,2025-11-06 14h28.13.896664 +0530
0.4,1000,exp,205,2,2,space,0.3210551,None,509,1,[3.0996098001487553],[3.099620799999684],2,2,26,7,128.0077234,,127.9919328,128.0077234,128.9916944,128.9916944,129.0089522,129.3266923,space,0.3210551,None,129.3274866,0.3996205,0.7158992,130.042937,130.0434925,130.0737897,130.0737897,130.0737897,133.1737772,509,1,[3.0996098001487553],[3.099620799999684],final,1,2025-11-06_14h28.07.913,INTENTIONAL BINDING EXPERIMENT,,2025.1.1,60.1635486,2025-11-06 14h28.13.896664 +0530
0.1,1000,exp,206,3,2,space,0.9574474,None,399,1,[4.532130099833012],[4.532143899705261],2,3,27,3,133.1901101,,133.1740735,133.1901101,134.1754634,134.1754634,134.1914981,135.1421027,space,0.9574474,None,135.1429694,0.1158558,0.4153982,135.5701133,135.5708829,135.5898782,135.5898782,135.5898782,140.1224214,399,1,[4.532130099833012],[4.532143899705261],final,1,2025-11-06_14h28.07.913,INTENTIONAL BINDING EXPERIMENT,,2025.1.1,60.1635486,2025-11-06 14h28.13.896664 +0530
0.1,400,unexp,207,4,2,space,0.3410636,None,677,1,[2.7002746001817286],[2.7002846002578735],2,4,28,0,140.1392384,,140.1228189,140.1392384,141.1242696,141.1242696,141.1408739,141.4746205,space,0.3410636,None,141.4753776,0.0995299,0.415235,141.8901515,141.8908393,141.9225428,141.9225428,141.9225428,144.6232254,677,1,[2.7002746001817286],[2.7002846002578735],final,1,2025-11-06_14h28.07.913,INTENTIONAL BINDING EXPERIMENT,,2025.1.1,60.1635486,2025-11-06 14h28.13.896664 +0530
0.1,1000,exp,208,5,2,space,0.289812,None,400,1,[1.484869099687785],[1.4848787998780608],2,5,29,9,144.6378047,,144.6235351,144.6378047,145.6220304,145.6220304,145.64021,145.9241855,space,0.289812,None,145.9252263,0.0992845,0.3992999,146.336868,146.3381064,146.3541203,146.3541203,146.3541203,147.8393327,400,1,[1.484869099687785],[1.4848787998780608],final,1,2025-11-06_14h28.07.913,INTENTIONAL BINDING EXPERIMENT,,2025.1.1,60.1635486,2025-11-06 14h28.13.896664 +0530
0.7,1000,exp,209,6,2,space,0.3008006,None,320,1,[2.401862300001085],[2.4018723000772297],2,6,30,5,147.8543258,,147.8397291,147.8543258,148.8541291,148.8541291,148.8541291,149.1718075,space,0.3008006,None,149.1725825,0.6992936,0.9988195,150.1863794,150.186826,150.2031302,150.2031302,150.2031302,152.6053448,320,1,[2.401862300001085],[2.4018723000772297],final,1,2025-11-06_14h28.07.913,INTENTIONAL BINDING EXPERIMENT,,2025.1.1,60.1635486,2025-11-06 14h28.13.896664 +0530
0.1,1000,exp,210,7,2,space,0.3856582,None,490,1,[2.1998444995842874],[2.199856699910015],2,7,31,6,152.6202831,,152.6056297,152.6202831,153.6199586,153.6199586,153.6199586,154.0213665,space,0.3856582,None,154.0223322,0.0996771,0.4005792,154.4341536,154.4349694,154.4528315,154.4528315,154.4528315,156.6530584,490,1,[2.1998444995842874],[2.199856699910015],final,1,2025-11-06_14h28.07.913,INTENTIONAL BINDING EXPERIMENT,,2025.1.1,60.1635486,2025-11-06 14h28.13.896664 +0530
0.4,1000,exp,211,8,2,space,0.3310432,None,490,1,[2.4325596997514367],[2.4325724998489022],2,8,32,4,156.6692485,,156.6534098,156.6692485,157.653419,157.653419,157.6702758,157.9884216,space,0.3310432,None,157.9892774,0.3995579,0.6996645,158.7059806,158.706591,158.7371605,158.7371605,158.7371605,161.1702062,490,1,[2.4325596997514367],[2.4325724998489022],final,1,2025-11-06_14h28.07.913,INTENTIONAL BINDING EXPERIMENT,,2025.1.1,60.1635486,2025-11-06 14h28.13.896664 +0530
0.4,400,unexp,212,9,2,space,0.335056,None,230,1,[2.199289799667895],[2.1992997997440398],2,9,33,1,161.1849192,,161.1705834,161.1849192,162.1707053,162.1707053,162.1876472,162.5213564,space,0.335056,None,162.5221412,0.3994639,0.6987194,163.2322078,163.2328117,163.2525224,163.2525224,163.2525224,165.4522167,230,1,[2.199289799667895],[2.1992997997440398],final,1,2025-11-06_14h28.07.913,INTENTIONAL BINDING EXPERIMENT,,2025.1.1,60.1635486,2025-11-06 14h28.13.896664 +0530
0.7,1000,exp,213,10,2,space,0.3110293,None,100,1,[3.4512106999754906],[3.451223500072956],2,10,34,8,165.468319,,165.4524952,165.468319,166.453736,166.453736,166.4700685,166.7705354,space,0.3110293,None,166.771321,0.6995427,0.9994977,167.7854067,167.7860033,167.8004896,167.8004896,167.8004896,171.2520999,100,1,[3.4512106999754906],[3.451223500072956],final,1,2025-11-06_14h28.07.913,INTENTIONAL BINDING EXPERIMENT,,2025.1.1,60.1635486,2025-11-06 14h28.13.896664 +0530
0.7,400,unexp,214,11,2,space,2.2976966,None,230,1,[2.0665851002559066],[2.0665990002453327],2,11,35,2,171.2668511,,171.2524268,171.2668511,172.2507817,172.2507817,172.2688234,174.5522804,space,2.2976966,None,174.5530348,0.6995992,0.9999125,175.5631989,175.563918,175.5829289,175.5829289,175.5829289,177.6499071,230,1,[2.0665851002559066],[2.0665990002453327],final,1,2025-11-06_14h28.07.913,INTENTIONAL BINDING EXPERIMENT,,2025.1.1,60.1635486,2025-11-06 14h28.13.896664 +0530
0.1,400,unexp,215,0,3,space,0.350102,None,400,1,[3.2333414000459015],[3.2333518997766078],3,0,36,0,177.6653719,,177.6502787,177.6653719,178.6503972,178.6503972,178.6664162,179.0017201,space,0.350102,None,179.002478,0.0995607,0.3996569,179.4131807,179.413981,179.4320559,179.4320559,179.4320559,182.6657416,400,1,[3.2333414000459015],[3.2333518997766078],final,1,2025-11-06_14h28.07.913,INTENTIONAL BINDING EXPERIMENT,,2025.1.1,60.1635486,2025-11-06 14h28.13.896664 +0530
0.7,1000,exp,216,1,3,space,0.7592844,None,500,1,[3.5485852998681366],[3.548597800079733],3,1,37,5,182.681639,,182.6660456,182.681639,183.6672995,183.6672995,183.6838499,184.4343297,space,0.7592844,None,184.4353527,0.6995044,0.9993533,185.4517742,185.4524192,185.482591,185.482591,185.482591,189.0315521,500,1,[3.5485852998681366],[3.548597800079733],final,1,2025-11-06_14h28.07.913,INTENTIONAL BINDING EXPERIMENT,,2025.1.1,60.1635486,2025-11-06 14h28.13.896664 +0530
0.1,1000,exp,217,2,3,space,0.2925575,None,500,1,[2.4332592003047466],[2.4332739003002644],3,2,38,3,189.0479483,,189.0318397,189.0479483,190.0330243,190.0330243,190.0500811,190.3322826,space,0.2925575,None,190.3333368,0.1004711,0.4006695,190.7526525,190.7532597,190.781831,190.781831,190.781831,193.2155686,500,1,[2.4332592003047466],[2.4332739003002644],final,1,2025-11-06_14h28.07.913,INTENTIONAL BINDING EXPERIMENT,,2025.1.1,60.1635486,2025-11-06 14h28.13.896664 +0530
0.1,1000,exp,218,3,3,space,0.3679827,None,400,1,[2.1319129997864366],[2.1319269998930395],3,3,39,6,193.230371,,193.2159686,193.230371,194.2161909,194.2161909,194.2319067,194.5978972,space,0.3679827,None,194.5987138,0.099125,0.4005733,195.0196592,195.0202616,195.0479108,195.0479108,195.0479108,197.1802433,400,1,[2.1319129997864366],[2.1319269998930395],final,1,2025-11-06_14h28.07.913,INTENTIONAL BINDING EXPERIMENT,,2025.1.1,60.1635486,2025-11-06 14h28.13.896664 +0530
0.7,1000,exp,219,4,3,space,0.3068445,None,200,1,[1.731501099653542],[1.7315115998499095],3,4,40,8,197.1963729,,197.1805382,197.1963729,198.1812938,198.1812938,198.19661,198.498822,space,0.3068445,None,198.4995978,0.715811,1.0156645,199.5310353,199.5316503,199.5641053,199.5641053,199.5641053,201.2959723,200,1,[1.731501099653542],[1.7315115998499095],final,1,2025-11-06_14h28.07.913,INTENTIONAL BINDING EXPERIMENT,,2025.1.1,60.1635486,2025-11-06 14h28.13.896664 +0530
0.7,1000,exp,220,5,3,space,0.2310126,None,120,1,[3.7497682999819517],[3.7497808998450637],3,5,41,11,201.3131513,,201.2962604,201.3131513,202.2971525,202.2971525,202.3126187,202.5300564,space,0.2310126,None,202.5310864,0.7172125,1.0166012,203.5635696,203.5641755,203.5782202,203.5782202,203.5782202,207.3283893,120,1,[3.7497682999819517],[3.7497808998450637],final,1,2025-11-06_14h28.07.913,INTENTIONAL BINDING EXPERIMENT,,2025.1.1,60.1635486,2025-11-06 14h28.13.896664 +0530
0.4,1000,exp,221,6,3,space,2.0612159,None,230,1,[3.349386000074446],[3.3494036998599768],3,6,42,10,207.3451493,,207.328713,207.3451493,208.3298935,208.3298935,208.3463206,210.3966869,space,2.0612159,None,210.3975046,0.4159005,0.7160475,211.1241356,211.1247587,211.1449299,211.1449299,211.1449299,214.494704,230,1,[3.349386000074446],[3.3494036998599768],final,1,2025-11-06_14h28.07.913,INTENTIONAL BINDING EXPERIMENT,,2025.1.1,60.1635486,2025-11-06 14h28.13.896664 +0530
0.4,1000,exp,222,7,3,space,0.8257987,None,400,1,[2.5316462996415794],[2.531656499952078],3,7,43,4,214.5095527,,214.4949867,214.5095527,215.4949173,215.4949173,215.5115276,216.3288174,space,0.8257987,None,216.3295993,0.4161928,0.716267,217.0650651,217.065658,217.0946958,217.0946958,217.0946958,219.6267446,400,1,[2.5316462996415794],[2.531656499952078],final,1,2025-11-06_14h28.07.913,INTENTIONAL BINDING EXPERIMENT,,2025.1.1,60.1635486,2025-11-06 14h28.13.896664 +0530
0.1,1000,exp,223,8,3,space,0.2999274,None,130,1,[1.8984070997685194],[1.8984173000790179],3,8,44,9,219.6425789,,219.6270279,219.6425789,220.6267844,220.6267844,220.6447757,220.9285573,space,0.2999274,None,220.9293432,0.1161445,0.4161923,221.3657477,221.3663637,221.3940761,221.3940761,221.3940761,223.2928673,130,1,[1.8984070997685194],[1.8984173000790179],final,1,2025-11-06_14h28.07.913,INTENTIONAL BINDING EXPERIMENT,,2025.1.1,60.1635486,2025-11-06 14h28.13.896664 +0530
0.4,1000,exp,224,9,3,space,0.5172672,None,430,1,[2.7645761002786458],[2.764585900120437],3,9,45,7,223.3079087,,223.293155,223.3079087,224.2938926,224.2938926,224.3088545,224.8275803,space,0.5172672,None,224.8288231,0.3996187,0.6995932,225.5474032,225.5479975,225.577032,225.577032,225.577032,228.3420043,430,1,[2.7645761002786458],[2.764585900120437],final,1,2025-11-06_14h28.07.913,INTENTIONAL BINDING EXPERIMENT,,2025.1.1,60.1635486,2025-11-06 14h28.13.896664 +0530
0.4,400,unexp,225,10,3,space,0.4624113,None,560,1,[2.984042899683118],[2.984059199690819],3,10,46,1,228.3580018,,228.3422909,228.3580018,229.3430297,229.3430297,229.3597196,229.8106035,space,0.4624113,None,229.8114205,0.4002135,0.699301,230.5252494,230.5258922,230.5404246,230.5404246,230.5404246,233.5249936,560,1,[2.984042899683118],[2.984059199690819],final,1,2025-11-06_14h28.07.913,INTENTIONAL BINDING EXPERIMENT,,2025.1.1,60.1635486,2025-11-06 14h28.13.896664 +0530
0.7,400,unexp,226,11,3,space,1.9754793,None,400,1,[2.249859499745071],[2.249869800172746],3,11,47,2,233.5405381,,233.525437,233.5405381,234.5397658,234.5397658,234.5397658,236.5234076,space,1.9754793,None,236.5240706,0.6997731,1.0002945,237.5337248,237.5342003,237.5563227,237.5563227,237.5563227,239.8065279,400,1,[2.249859499745071],[2.249869800172746],final,1,2025-11-06_14h28.07.913,INTENTIONAL BINDING EXPERIMENT,,2025.1.1,60.1635486,2025-11-06 14h28.13.896664 +0530
0.7,1000,exp,227,0,4,space,0.3283688,None,333,1,[2.5823981002904475],[2.5824084002524614],4,0,48,5,239.8220934,,239.8068226,239.8220934,240.8080379,240.8080379,240.824327,241.141815,space,0.3283688,None,241.1425718,0.6992016,0.9987945,242.1521383,242.1527548,242.1726305,242.1726305,242.1726305,244.7553907,333,1,[2.5823981002904475],[2.5824084002524614],final,1,2025-11-06_14h28.07.913,INTENTIONAL BINDING EXPERIMENT,,2025.1.1,60.1635486,2025-11-06 14h28.13.896664 +0530
0.4,1000,exp,228,1,4,space,0.3543854,None,890,1,[1.8165545999072492],[1.8165661999955773],4,1,49,4,244.7718146,,244.7556781,244.7718146,245.7561623,245.7561623,245.7737995,246.1225207,space,0.3543854,None,246.12318,0.4005206,0.701135,246.8378534,246.8385668,246.8714225,246.8714225,246.8714225,248.6884091,890,1,[1.8165545999072492],[1.8165661999955773],final,1,2025-11-06_14h28.07.913,INTENTIONAL BINDING EXPERIMENT,,2025.1.1,60.1635486,2025-11-06 14h28.13.896664 +0530
0.4,1000,exp,229,2,4,space,0.6893688,None,675,1,[2.534187600016594],[2.5342005998827517],4,2,50,10,248.7040319,,248.68871,248.7040319,249.6891898,249.6891898,249.7043878,250.3902327,space,0.6893688,None,250.3910065,0.399255,0.6992369,251.1034763,251.1041607,251.1201372,251.1201372,251.1201372,253.6547354,675,1,[2.534187600016594],[2.5342005998827517],final,1,2025-11-06_14h28.07.913,INTENTIONAL BINDING EXPERIMENT,,2025.1.1,60.1635486,2025-11-06 14h28.13.896664 +0530
0.1,400,unexp,230,3,4,space,0.2042435,None,345,1,[2.282492300029844],[2.28250620001927],4,3,51,0,253.6703352,,253.6550848,253.6703352,254.6557978,254.6557978,254.6718618,254.8729789,space,0.2042435,None,254.8740441,0.0993206,0.3990805,255.2830357,255.283702,255.3041429,255.3041429,255.3041429,257.5871191,345,1,[2.282492300029844],[2.28250620001927],final,1,2025-11-06_14h28.07.913,INTENTIONAL BINDING EXPERIMENT,,2025.1.1,60.1635486,2025-11-06 14h28.13.896664 +0530
0.1,1000,exp,231,4,4,space,0.3111192,None,789,1,[1.817194000352174],[1.8172095003537834],4,4,52,9,257.6026741,,257.5874902,257.6026741,258.5881593,258.5881593,258.6044515,258.9053852,space,0.3111192,None,258.9061682,0.09949,0.3994627,259.3180392,259.3187329,259.3353311,259.3353311,259.3353311,261.1529117,789,1,[1.817194000352174],[1.8172095003537834],final,1,2025-11-06_14h28.07.913,INTENTIONAL BINDING EXPERIMENT,,2025.1.1,60.1635486,2025-11-06 14h28.13.896664 +0530
0.7,1000,exp,232,5,4,space,0.4323159,None,90,1,[2.8176506999880075],[2.8176608001813293],4,5,53,11,261.168908,,261.1532789,261.168908,262.1531669,262.1531669,262.1712843,262.5881593,space,0.4323159,None,262.58918,0.6992606,0.9991613,263.6027343,263.6033142,263.6181655,263.6181655,263.6181655,266.4361698,90,1,[2.8176506999880075],[2.8176608001813293],final,1,2025-11-06_14h28.07.913,INTENTIONAL BINDING EXPERIMENT,,2025.1.1,60.1635486,2025-11-06 14h28.13.896664 +0530
0.1,1000,exp,233,6,4,space,1.8002752,None,231,1,[2.964888300281018],[2.9649035003967583],4,6,54,3,266.4517938,,266.4364466,266.4517938,267.4363991,267.4363991,267.4534138,269.2538115,space,1.8002752,None,269.2549556,0.0990119,0.3993434,269.672633,269.6732676,269.7026023,269.7026023,269.7026023,272.6679682,231,1,[2.964888300281018],[2.9649035003967583],final,1,2025-11-06_14h28.07.913,INTENTIONAL BINDING EXPERIMENT,,2025.1.1,60.1635486,2025-11-06 14h28.13.896664 +0530
0.7,1000,exp,234,7,4,space,0.2920329,None,312,1,[1.998991200234741],[1.999004800338298],4,7,55,8,272.6837205,,272.6682591,272.6837205,273.6692807,273.6692807,273.6859406,273.9691855,space,0.2920329,None,273.9699308,0.6992809,0.9994481,274.9877102,274.9884064,275.0184323,275.0184323,275.0184323,277.0179185,312,1,[1.998991200234741],[1.999004800338298],final,1,2025-11-06_14h28.07.913,INTENTIONAL BINDING EXPERIMENT,,2025.1.1,60.1635486,2025-11-06 14h28.13.896664 +0530
0.7,400,unexp,235,8,4,space,0.2949629,None,290,1,[6.38389839977026],[6.383907899726182],4,8,56,2,277.0330582,,277.0182781,277.0330582,278.0183082,278.0183082,278.0333121,278.3186844,space,0.2949629,None,278.3194977,0.699684,0.999657,279.3351999,279.3357901,279.3488349,279.3488349,279.3488349,285.7330833,290,1,[6.38389839977026],[6.383907899726182],final,1,2025-11-06_14h28.07.913,INTENTIONAL BINDING EXPERIMENT,,2025.1.1,60.1635486,2025-11-06 14h28.13.896664 +0530
0.1,1000,exp,236,9,4,space,0.3595079,None,798,1,[4.330844599753618],[4.330860899761319],4,9,57,6,285.7484649,,285.7333575,285.7484649,286.7337827,286.7337827,286.7502798,287.1008216,space,0.3595079,None,287.1015971,0.0994199,0.3995079,287.5178447,287.5184423,287.5497576,287.5497576,287.5497576,291.8810098,798,1,[4.330844599753618],[4.330860899761319],final,1,2025-11-06_14h28.07.913,INTENTIONAL BINDING EXPERIMENT,,2025.1.1,60.1635486,2025-11-06 14h28.13.896664 +0530
0.4,400,unexp,237,10,4,space,0.4779643,None,475,1,[1.3010673001408577],[1.3010876001790166],4,10,58,1,291.8971313,,291.8812885,291.8971313,292.8824047,292.8824047,292.8993068,293.3666665,space,0.4779643,None,293.3675004,0.3992115,0.6988698,294.0805929,294.0812343,294.0967983,294.0967983,294.0967983,295.3983431,475,1,[1.3010673001408577],[1.3010876001790166],final,1,2025-11-06_14h28.07.913,INTENTIONAL BINDING EXPERIMENT,,2025.1.1,60.1635486,2025-11-06 14h28.13.896664 +0530
0.4,1000,exp,238,11,4,space,0.5018012,None,468,1,[2.514871099963784],[2.5148847000673413],4,11,59,7,295.4137125,,295.398617,295.4137125,296.3989406,296.3989406,296.4154176,296.9161912,space,0.5018012,None,296.9172317,0.4155925,0.7311891,297.6475801,297.6481771,297.6645621,297.6645621,297.6645621,300.1798391,468,1,[2.514871099963784],[2.5148847000673413],final,1,2025-11-06_14h28.07.913,INTENTIONAL BINDING EXPERIMENT,,2025.1.1,60.1635486,2025-11-06 14h28.13.896664 +0530
0.7,1000,exp,239,0,5,space,0.3305714,None,587,1,[3.6650450001470745],[3.6650550002232194],5,0,60,5,300.1955833,,300.1802063,300.1955833,301.1814462,301.1814462,301.1979553,301.5154778,space,0.3305714,None,301.5162505,0.7156906,1.0153917,302.5483025,302.5489164,302.5805843,302.5805843,302.5805843,306.2460186,587,1,[3.6650450001470745],[3.6650550002232194],final,1,2025-11-06_14h28.07.913,INTENTIONAL BINDING EXPERIMENT,,2025.1.1,60.1635486,2025-11-06 14h28.13.896664 +0530
0.1,400,unexp,240,1,5,space,0.2988822,None,350,1,[2.997580200433731],[2.9975924002937973],5,1,61,0,306.2616609,,306.2464062,306.2616609,307.246622,307.246622,307.2617295,307.5646716,space,0.2988822,None,307.5654588,0.1156237,0.4156086,307.9974297,307.9980387,308.0299537,308.0299537,308.0299537,311.0279731,350,1,[2.997580200433731],[2.9975924002937973],final,1,2025-11-06_14h28.07.913,INTENTIONAL BINDING EXPERIMENT,,2025.1.1,60.1635486,2025-11-06 14h28.13.896664 +0530
0.7,400,unexp,241,2,5,space,0.2726099,None,130,1,[1.5185793000273407],[1.5185960000380874],5,2,62,2,311.0445312,,311.0282769,311.0445312,312.02751,312.02751,312.0440267,312.3119388,space,0.2726099,None,312.3129909,0.7148597,1.015168,313.3447011,313.3452147,313.3595987,313.3595987,313.3595987,314.8786896,130,1,[1.5185793000273407],[1.5185960000380874],final,1,2025-11-06_14h28.07.913,INTENTIONAL BINDING EXPERIMENT,,2025.1.1,60.1635486,2025-11-06 14h28.13.896664 +0530
0.1,1000,exp,242,3,5,space,0.3267609,None,302,1,[1.967390100006014],[1.9674057997763157],5,3,63,6,314.8941096,,314.8790843,314.8941096,315.8931436,315.8931436,315.8931436,316.2278371,space,0.3267609,None,316.2285091,0.0995622,0.3990214,316.6393118,316.6398844,316.6590682,316.6590682,316.6590682,318.6269135,302,1,[1.967390100006014],[1.9674057997763157],final,1,2025-11-06_14h28.07.913,INTENTIONAL BINDING EXPERIMENT,,2025.1.1,60.1635486,2025-11-06 14h28.13.896664 +0530
0.4,1000,exp,243,4,5,space,0.4173837,None,520,1,[1.6002038000151515],[1.6002136999741197],5,4,64,7,318.6423709,,318.6272674,318.6423709,319.6280514,319.6280514,319.6446018,320.0623398,space,0.4173837,None,320.0631172,0.4153573,0.7154663,320.7903183,320.7913085,320.8088744,320.8088744,320.8088744,322.4094449,520,1,[1.6002038000151515],[1.6002136999741197],final,1,2025-11-06_14h28.07.913,INTENTIONAL BINDING EXPERIMENT,,2025.1.1,60.1635486,2025-11-06 14h28.13.896664 +0530
0.1,1000,exp,244,5,5,space,0.2963094,None,400,1,[1.7178768999874592],[1.717886600177735],5,5,65,9,322.4253219,,322.4097334,322.4253219,323.4256231,323.4256231,323.4256231,323.7277247,space,0.2963094,None,323.7283857,0.1144463,0.4145732,324.1567372,324.1574136,324.1748623,324.1748623,324.1748623,325.8930739,400,1,[1.7178768999874592],[1.717886600177735],final,1,2025-11-06_14h28.07.913,INTENTIONAL BINDING EXPERIMENT,,2025.1.1,60.1635486,2025-11-06 14h28.13.896664 +0530
0.4,400,unexp,245,6,5,space,0.3448659,None,130,1,[3.799865399952978],[3.7998771998099983],5,6,66,1,325.9088701,,325.8933705,325.9088701,326.8936072,326.8936072,326.9097532,327.2442997,space,0.3448659,None,327.2450403,0.399244,0.7159387,327.9605495,327.9610923,327.9917636,327.9917636,327.9917636,331.7920587,130,1,[3.799865399952978],[3.7998771998099983],final,1,2025-11-06_14h28.07.913,INTENTIONAL BINDING EXPERIMENT,,2025.1.1,60.1635486,2025-11-06 14h28.13.896664 +0530
0.1,1000,exp,246,7,5,space,1.9364197,None,400,1,[2.050739200320095],[2.0507487999275327],5,7,67,3,331.8073897,,331.7923398,331.8073897,332.7924345,332.7924345,332.8089747,334.7427686,space,1.9364197,None,334.7435439,0.1155567,0.4153078,335.1761447,335.1767602,335.1896846,335.1896846,335.1896846,337.2407883,400,1,[2.050739200320095],[2.0507487999275327],final,1,2025-11-06_14h28.07.913,INTENTIONAL BINDING EXPERIMENT,,2025.1.1,60.1635486,2025-11-06 14h28.13.896664 +0530
0.7,1000,exp,247,8,5,space,0.2591611,None,500,1,[3.7838467000983655],[3.783857500180602],5,8,68,11,337.2565358,,337.2410676,337.2565358,338.2416125,338.2416125,338.2567795,338.5091867,space,0.2591611,None,338.5099528,0.7157715,1.0153638,339.5386595,339.5392598,339.555924,339.555924,339.555924,343.3402225,500,1,[3.7838467000983655],[3.783857500180602],final,1,2025-11-06_14h28.07.913,INTENTIONAL BINDING EXPERIMENT,,2025.1.1,60.1635486,2025-11-06 14h28.13.896664 +0530
0.7,1000,exp,248,9,5,space,0.3856564,None,465,1,[61.322691900189966],[61.32270130002871],5,9,69,8,343.3547869,,343.3405339,343.3547869,344.3408271,344.3408271,344.3574307,344.7396414,space,0.3856564,None,344.7403811,0.7011354,1.0004983,345.7598749,345.760426,345.7898377,345.7898377,345.7898377,407.1129036,465,1,[61.322691900189966],[61.32270130002871],final,1,2025-11-06_14h28.07.913,INTENTIONAL BINDING EXPERIMENT,,2025.1.1,60.1635486,2025-11-06 14h28.13.896664 +0530
0.4,1000,exp,249,10,5,space,0.5501794,None,300,1,[3.1007196004502475],[3.100731300190091],5,10,70,4,407.1284103,,407.1132031,407.1284103,408.1116644,408.1116644,408.1298509,408.6639728,space,0.5501794,None,408.6650268,0.3995265,0.7161491,409.3804928,409.3810938,409.4111622,409.4111622,409.4111622,412.5122839,300,1,[3.1007196004502475],[3.100731300190091],final,1,2025-11-06_14h28.07.913,INTENTIONAL BINDING EXPERIMENT,,2025.1.1,60.1635486,2025-11-06 14h28.13.896664 +0530
0.4,1000,exp,250,11,5,space,0.317421,None,132,1,[1.5324091999791563],[1.5324186999350786],5,11,71,10,412.5270879,,412.5125569,412.5270879,413.5116514,413.5116514,413.52806,413.829894,space,0.317421,None,413.8309492,0.3995217,0.6993142,414.5482183,414.5488019,414.5781687,414.5781687,414.5781687,416.1109748,132,1,[1.5324091999791563],[1.5324186999350786],final,1,2025-11-06_14h28.07.913,INTENTIONAL BINDING EXPERIMENT,,2025.1.1,60.1635486,2025-11-06 14h28.13.896664 +0530
0.1,1000,exp,251,0,6,space,0.363206,None,234,1,[1.7333136000670493],[1.733323700260371],6,0,72,3,416.1266617,,416.1112509,416.1266617,417.1121919,417.1121919,417.1272364,417.4785784,space,0.363206,None,417.4797146,0.1001068,0.4008109,417.8991809,417.8997593,417.9268586,417.9268586,417.9268586,419.660554,234,1,[1.7333136000670493],[1.733323700260371],final,1,2025-11-06_14h28.07.913,INTENTIONAL BINDING EXPERIMENT,,2025.1.1,60.1635486,2025-11-06 14h28.13.896664 +0530
0.4,400,unexp,252,1,6,space,0.6322996,None,345,1,[2.216825199779123],[2.216835899744183],6,1,73,1,419.6757548,,419.6608281,419.6757548,420.6620665,420.6620665,420.6782333,421.2955434,space,0.6322996,None,421.2964596,0.4156463,0.7155819,422.0266296,422.0272439,422.0418769,422.0418769,422.0418769,424.2590267,345,1,[2.216825199779123],[2.216835899744183],final,1,2025-11-06_14h28.07.913,INTENTIONAL BINDING EXPERIMENT,,2025.1.1,60.1635486,2025-11-06 14h28.13.896664 +0530
0.1,1000,exp,253,2,6,space,0.5393251,None,56,1,[2.1488323998637497],[2.148842300288379],6,2,74,9,424.275658,,424.2593158,424.275658,425.2606472,425.2606472,425.2775172,425.8093958,space,0.5393251,None,425.8104384,0.0999081,0.4012136,426.2295958,426.2301327,426.2601732,426.2601732,426.2601732,428.4093929,56,1,[2.1488323998637497],[2.148842300288379],final,1,2025-11-06_14h28.07.913,INTENTIONAL BINDING EXPERIMENT,,2025.1.1,60.1635486,2025-11-06 14h28.13.896664 +0530
0.1,1000,exp,254,3,6,space,0.5035094,None,365,1,[1.998526000417769],[1.998539900407195],6,3,75,6,428.425658,,428.4096701,428.425658,429.409733,429.409733,429.4267853,429.9268222,space,0.5035094,None,429.9275961,0.0999307,0.3999769,430.3465287,430.3470593,430.3761536,430.3761536,430.3761536,432.3751509,365,1,[1.998526000417769],[1.998539900407195],final,1,2025-11-06_14h28.07.913,INTENTIONAL BINDING EXPERIMENT,,2025.1.1,60.1635486,2025-11-06 14h28.13.896664 +0530
0.7,1000,exp,255,4,6,space,0.3819235,None,987,1,[1.74815470026806],[1.748165000230074],6,4,76,8,432.3901345,,432.3755017,432.3901345,433.3761257,433.3761257,433.3926764,433.7768909,space,0.3819235,None,433.7779015,0.699022,0.9990013,434.7928661,434.7935064,434.825533,434.825533,434.825533,436.5740812,987,1,[1.74815470026806],[1.748165000230074],final,1,2025-11-06_14h28.07.913,INTENTIONAL BINDING EXPERIMENT,,2025.1.1,60.1635486,2025-11-06 14h28.13.896664 +0530
0.1,400,unexp,256,5,6,space,0.2707211,None,487,1,[2.181408300064504],[2.181418300140649],6,5,77,0,436.5903559,,436.5744253,436.5903559,437.5906579,437.5906579,437.5906579,437.87372,space,0.2707211,None,437.8743591,0.1007923,0.3999105,438.2934394,438.294081,438.3251794,438.3251794,438.3251794,440.5069621,487,1,[2.181408300064504],[2.181418300140649],final,1,2025-11-06_14h28.07.913,INTENTIONAL BINDING EXPERIMENT,,2025.1.1,60.1635486,2025-11-06 14h28.13.896664 +0530
0.7,400,unexp,257,6,6,space,0.0141808,None,597,1,[1.8336596000008285],[1.8336695996113122],6,6,78,2,440.5228904,,440.5073272,440.5228904,441.5080895,441.5080895,441.524876,441.5255588,space,0.0141808,None,441.5265577,0.6992352,0.9987679,442.5387686,442.5394226,442.5557788,442.5557788,442.5557788,444.3898554,597,1,[1.8336596000008285],[1.8336695996113122],final,1,2025-11-06_14h28.07.913,INTENTIONAL BINDING EXPERIMENT,,2025.1.1,60.1635486,2025-11-06 14h28.13.896664 +0530
0.4,1000,exp,258,7,6,space,1.2141603,None,643,1,[1.7343628001399338],[1.734375599771738],6,7,79,10,444.4051286,,444.3901298,444.4051286,445.3905557,445.3905557,445.4067682,446.6081939,space,1.2141603,None,446.6091165,0.4154743,0.7153587,447.3390618,447.3396849,447.354598,447.354598,447.354598,449.0893546,643,1,[1.7343628001399338],[1.734375599771738],final,1,2025-11-06_14h28.07.913,INTENTIONAL BINDING EXPERIMENT,,2025.1.1,60.1635486,2025-11-06 14h28.13.896664 +0530
0.7,1000,exp,259,8,6,space,0.3837684,None,483,1,[2.1819619997404516],[2.1819759998470545],6,8,80,5,449.1051478,,449.0897089,449.1051478,450.0901086,450.0901086,450.1069511,450.4903248,space,0.3837684,None,450.4912167,0.7001465,0.9992856,451.5104482,451.5128446,451.5394868,451.5394868,451.5394868,453.7218801,483,1,[2.1819619997404516],[2.1819759998470545],final,1,2025-11-06_14h28.07.913,INTENTIONAL BINDING EXPERIMENT,,2025.1.1,60.1635486,2025-11-06 14h28.13.896664 +0530
0.7,1000,exp,260,9,6,space,0.3073616,None,836,1,[1.4677854999899864],[1.4677951000630856],6,9,81,11,453.7370861,,453.7221529,453.7370861,454.7228032,454.7228032,454.7382346,455.0397462,space,0.3073616,None,455.0405162,0.6997587,0.9996085,456.0508707,456.051624,456.0697699,456.0697699,456.0697699,457.5379132,836,1,[1.4677854999899864],[1.4677951000630856],final,1,2025-11-06_14h28.07.913,INTENTIONAL BINDING EXPERIMENT,,2025.1.1,60.1635486,2025-11-06 14h28.13.896664 +0530
0.4,1000,exp,261,10,6,space,0.5528706,None,728,1,[1.4177895998582244],[1.417799700051546],6,10,82,4,457.5528941,,457.5382183,457.5528941,458.5553579,458.5553579,458.5553579,459.1226155,space,0.5528706,None,459.1234021,0.4140739,0.7155967,459.8502426,459.8510828,459.8691074,459.8691074,459.8691074,461.2872326,728,1,[1.4177895998582244],[1.417799700051546],final,1,2025-11-06_14h28.07.913,INTENTIONAL BINDING EXPERIMENT,,2025.1.1,60.1635486,2025-11-06 14h28.13.896664 +0530
0.4,1000,exp,262,11,6,space,0.3414725,None,292,1,[2.2653894000686705],[2.2654023999348283],6,11,83,7,461.3024028,,461.2875072,461.3024028,462.2881246,462.2881246,462.3045866,462.6376263,space,0.3414725,None,462.6387067,0.4005836,0.7004317,463.3562681,463.3568193,463.3871798,463.3871798,463.3871798,465.6530272,292,1,[2.2653894000686705],[2.2654023999348283],final,1,2025-11-06_14h28.07.913,INTENTIONAL BINDING EXPERIMENT,,2025.1.1,60.1635486,2025-11-06 14h28.13.896664 +0530
0.7,1000,exp,263,0,7,space,0.4076765,None,638,1,[1.4321026001125574],[1.4321125000715256],7,0,84,8,465.6685021,,465.653376,465.6685021,466.6536371,466.6536371,466.6688503,467.0710918,space,0.4076765,None,467.0718649,0.7147968,1.015583,468.1077268,468.1098777,468.1363431,468.1363431,468.1363431,469.568933,638,1,[1.4321026001125574],[1.4321125000715256],final,1,2025-11-06_14h28.07.913,INTENTIONAL BINDING EXPERIMENT,,2025.1.1,60.1635486,2025-11-06 14h28.13.896664 +0530
0.1,1000,exp,264,1,7,space,0.2258112,None,738,1,[1.88337010005489],[1.8833861001767218],7,1,85,9,469.5847453,,469.5692567,469.5847453,470.5703075,470.5703075,470.5864407,470.8027227,space,0.2258112,None,470.8035058,0.1002357,0.4167391,471.2223328,471.2229172,471.2507785,471.2507785,471.2507785,473.134551,738,1,[1.88337010005489],[1.8833861001767218],final,1,2025-11-06_14h28.07.913,INTENTIONAL BINDING EXPERIMENT,,2025.1.1,60.1635486,2025-11-06 14h28.13.896664 +0530
0.4,1000,exp,265,2,7,space,0.3009528,None,334,1,[1.9999067997559905],[1.9999194997362792],7,2,86,7,473.1505779,,473.1349169,473.1505779,474.1358794,474.1358794,474.1508016,474.453487,space,0.3009528,None,474.4542985,0.3991111,0.6989836,475.1674122,475.1690424,475.1833545,475.1833545,475.1833545,477.1836005,334,1,[1.9999067997559905],[1.9999194997362792],final,1,2025-11-06_14h28.07.913,INTENTIONAL BINDING EXPERIMENT,,2025.1.1,60.1635486,2025-11-06 14h28.13.896664 +0530
0.7,1000,exp,266,3,7,space,0.3799575,None,193,1,[3.1822902001440525],[3.182303100358695],7,3,87,5,477.1998208,,477.1838793,477.1998208,478.1850402,478.1850402,478.2018912,478.5696433,space,0.3799575,None,478.5707413,0.7143102,1.0155464,479.602796,479.6034442,479.6339143,479.6339143,479.6339143,482.8166524,193,1,[3.1822902001440525],[3.182303100358695],final,1,2025-11-06_14h28.07.913,INTENTIONAL BINDING EXPERIMENT,,2025.1.1,60.1635486,2025-11-06 14h28.13.896664 +0530
0.4,1000,exp,267,4,7,space,0.3420352,None,739,1,[1.6317702000960708],[1.6317799002863467],7,4,88,10,482.8331621,,482.8170304,482.8331621,483.8179921,483.8179921,483.8342223,484.1665321,space,0.3420352,None,484.1675342,0.3998958,0.6991784,484.8861936,484.8881244,484.9173687,484.9173687,484.9173687,486.5495102,739,1,[1.6317702000960708],[1.6317799002863467],final,1,2025-11-06_14h28.07.913,INTENTIONAL BINDING EXPERIMENT,,2025.1.1,60.1635486,2025-11-06 14h28.13.896664 +0530
0.4,1000,exp,268,5,7,space,0.2022053,None,233,1,[1.884202899876982],[1.8842142997309566],7,5,89,4,486.5652309,,486.5497834,486.5652309,487.5487424,487.5487424,487.5671806,487.7678131,space,0.2022053,None,487.7686122,0.414661,0.7159396,488.4979063,488.4990398,488.5148269,488.5148269,488.5148269,490.3993921,233,1,[1.884202899876982],[1.8842142997309566],final,1,2025-11-06_14h28.07.913,INTENTIONAL BINDING EXPERIMENT,,2025.1.1,60.1635486,2025-11-06 14h28.13.896664 +0530
0.1,1000,exp,269,6,7,space,0.2322262,None,392,1,[1.5502786003053188],[1.5502893002703786],7,6,90,6,490.4142332,,490.3996681,490.4142332,491.3981429,491.3981429,491.4163322,491.6322332,space,0.2322262,None,491.633021,0.1011694,0.4011211,492.0492394,492.0498569,492.0638718,492.0638718,492.0638718,493.6144801,392,1,[1.5502786003053188],[1.5502893002703786],final,1,2025-11-06_14h28.07.913,INTENTIONAL BINDING EXPERIMENT,,2025.1.1,60.1635486,2025-11-06 14h28.13.896664 +0530
0.4,400,unexp,270,7,7,space,0.2734048,None,123,1,[1.9985114000737667],[1.9985213000327349],7,7,91,1,493.6308593,,493.6147566,493.6308593,494.6143123,494.6143123,494.6313672,494.8998168,space,0.2734048,None,494.9005787,0.399617,0.6995374,495.6165354,495.6171735,495.6484578,495.6484578,495.6484578,497.64734,123,1,[1.9985114000737667],[1.9985213000327349],final,1,2025-11-06_14h28.07.913,INTENTIONAL BINDING EXPERIMENT,,2025.1.1,60.1635486,2025-11-06 14h28.13.896664 +0530
0.1,1000,exp,271,8,7,space,0.33326,None,389,1,[6.782469300087541],[6.782479000277817],7,8,92,3,497.6632434,,497.6476564,497.6632434,498.6486339,498.6486339,498.6651784,498.9977334,space,0.33326,None,498.9985239,0.1012706,0.4172871,499.415371,499.4159287,499.4470737,499.4470737,499.4470737,506.2299188,389,1,[6.782469300087541],[6.782479000277817],final,1,2025-11-06_14h28.07.913,INTENTIONAL BINDING EXPERIMENT,,2025.1.1,60.1635486,2025-11-06 14h28.13.896664 +0530
0.7,400,unexp,272,9,7,space,0.2905388,None,937,1,[1.5819671000353992],[1.581980500370264],7,9,93,2,506.245193,,506.230213,506.245193,507.2306283,507.2306283,507.2473421,507.5311063,space,0.2905388,None,507.5318744,0.7158112,1.015631,508.5657662,508.5669431,508.5959778,508.5959778,508.5959778,510.178364,937,1,[1.5819671000353992],[1.581980500370264],final,1,2025-11-06_14h28.07.913,INTENTIONAL BINDING EXPERIMENT,,2025.1.1,60.1635486,2025-11-06 14h28.13.896664 +0530
0.7,1000,exp,273,10,7,space,0.2651444,None,674,1,[1.9158777999691665],[1.9158875001594424],7,10,94,11,510.1955636,,510.1787384,510.1955636,511.1798019,511.1798019,511.1965698,511.4465328,space,0.2651444,None,511.4475436,0.7000105,1.0148171,512.4616741,512.4623655,512.4948916,512.4948916,512.4948916,514.411136,674,1,[1.9158777999691665],[1.9158875001594424],final,1,2025-11-06_14h28.07.913,INTENTIONAL BINDING EXPERIMENT,,2025.1.1,60.1635486,2025-11-06 14h28.13.896664 +0530
0.1,400,unexp,274,11,7,space,0.394507,None,843,1,[1.5841060001403093],[1.584121699910611],7,11,95,0,514.4269908,,514.4114177,514.4269908,515.4126435,515.4126435,515.4291804,515.8137363,space,0.394507,None,515.81451,0.1153635,0.4320691,516.246177,516.2468558,516.2765475,516.2765475,516.2765475,517.8611078,843,1,[1.5841060001403093],[1.584121699910611],final,1,2025-11-06_14h28.07.913,INTENTIONAL BINDING EXPERIMENT,,2025.1.1,60.1635486,2025-11-06 14h28.13.896664 +0530
0.7,400,unexp,275,0,8,space,0.2622454,None,940,1,[1.8499401002191007],[1.8499501999467611],8,0,96,2,517.8763938,,517.8614964,517.8763938,518.8616589,518.8616589,518.8771134,519.1289906,space,0.2622454,None,519.129799,0.7001356,1.0001756,520.1455285,520.1461635,520.1598045,520.1598045,520.1598045,522.0101019,940,1,[1.8499401002191007],[1.8499501999467611],final,1,2025-11-06_14h28.07.913,INTENTIONAL BINDING EXPERIMENT,,2025.1.1,60.1635486,2025-11-06 14h28.13.896664 +0530
0.4,1000,exp,276,1,8,space,0.7949917,None,820,1,[1.38427870022133],[1.3842916004359722],8,1,97,10,522.0259303,,522.010374,522.0259303,523.0096496,523.0096496,523.0264323,523.811567,space,0.7949917,None,523.8124128,0.3995673,0.7144884,524.5339837,524.5346131,524.558799,524.558799,524.558799,525.9434835,820,1,[1.38427870022133],[1.3842916004359722],final,1,2025-11-06_14h28.07.913,INTENTIONAL BINDING EXPERIMENT,,2025.1.1,60.1635486,2025-11-06 14h28.13.896664 +0530
0.1,400,unexp,277,2,8,space,0.3076983,None,123,1,[1.8338558999821544],[1.833866700064391],8,2,98,0,525.9585727,,525.9438638,525.9585727,526.9432043,526.9432043,526.9612009,527.2594678,space,0.3076983,None,527.2602574,0.1007126,0.4180307,527.6809499,527.6814913,527.7079517,527.7079517,527.7079517,529.5421517,123,1,[1.8338558999821544],[1.833866700064391],final,1,2025-11-06_14h28.07.913,INTENTIONAL BINDING EXPERIMENT,,2025.1.1,60.1635486,2025-11-06 14h28.13.896664 +0530
0.4,400,unexp,278,3,8,space,0.3018088,None,439,1,[1.4333546999841928],[1.4333689999766648],8,3,99,1,529.5577839,,529.5424246,529.5577839,530.541698,530.541698,530.5601786,530.8442053,space,0.3018088,None,530.8449874,0.4138065,0.7156777,531.5708829,531.571678,531.5910483,531.5910483,531.5910483,533.024821,439,1,[1.4333546999841928],[1.4333689999766648],final,1,2025-11-06_14h28.07.913,INTENTIONAL BINDING EXPERIMENT,,2025.1.1,60.1635486,2025-11-06 14h28.13.896664 +0530
0.4,1000,exp,279,4,8,space,0.5010631,None,648,1,[2.5491446000523865],[2.5491603002883494],8,4,100,4,533.041033,,533.0252014,533.041033,534.0263187,534.0263187,534.042594,534.5418574,space,0.5010631,None,534.5429248,0.3997018,0.7007815,535.2541847,535.2549348,535.2745067,535.2745067,535.2745067,537.8240816,648,1,[2.5491446000523865],[2.5491603002883494],final,1,2025-11-06_14h28.07.913,INTENTIONAL BINDING EXPERIMENT,,2025.1.1,60.1635486,2025-11-06 14h28.13.896664 +0530
0.7,1000,exp,280,5,8,space,0.5409088,None,758,1,[1.4828380001708865],[1.4828510000370443],8,5,101,8,537.8401407,,537.8244541,537.8401407,538.825612,538.825612,538.8403801,539.3739851,space,0.5409088,None,539.3747076,0.7018451,1.0175594,540.3957449,540.3963054,540.4236698,540.4236698,540.4236698,541.9069601,758,1,[1.4828380001708865],[1.4828510000370443],final,1,2025-11-06_14h28.07.913,INTENTIONAL BINDING EXPERIMENT,,2025.1.1,60.1635486,2025-11-06 14h28.13.896664 +0530
0.1,1000,exp,281,6,8,space,0.303066,None,483,1,[1.8672084002755582],[1.8672196003608406],8,6,102,9,541.9224099,,541.9073228,541.9224099,542.9078033,542.9078033,542.9230818,543.2251154,space,0.303066,None,543.2258773,0.1146636,0.4148174,543.6572626,543.6578447,543.6720773,543.6720773,543.6720773,545.5396662,483,1,[1.8672084002755582],[1.8672196003608406],final,1,2025-11-06_14h28.07.913,INTENTIONAL BINDING EXPERIMENT,,2025.1.1,60.1635486,2025-11-06 14h28.13.896664 +0530
0.1,1000,exp,282,7,8,space,0.285651,None,749,1,[1.967450300231576],[1.967462900094688],8,7,103,6,545.5552178,,545.5399568,545.5552178,546.5408549,546.5408549,546.5574634,546.8414888,space,0.285651,None,546.8425145,0.1155199,0.4159766,547.2714341,547.2720859,547.2881202,547.2881202,547.2881202,549.2559611,749,1,[1.967450300231576],[1.967462900094688],final,1,2025-11-06_14h28.07.913,INTENTIONAL BINDING EXPERIMENT,,2025.1.1,60.1635486,2025-11-06 14h28.13.896664 +0530
0.1,1000,exp,283,8,8,space,2.1663679,None,438,1,[2.5841334997676313],[2.584143199957907],8,8,104,3,549.2713309,,549.256317,549.2713309,550.2557072,550.2557072,550.273489,552.4238759,space,2.1663679,None,552.4247711,0.1157469,0.4159756,552.8517363,552.8524138,552.8703704,552.8703704,552.8703704,555.4548391,438,1,[2.5841334997676313],[2.584143199957907],final,1,2025-11-06_14h28.07.913,INTENTIONAL BINDING EXPERIMENT,,2025.1.1,60.1635486,2025-11-06 14h28.13.896664 +0530
0.7,1000,exp,284,9,8,space,0.2394044,None,729,1,[1.582699699793011],[1.5827104998752475],8,9,105,5,555.4701072,,555.4551207,555.4701072,556.455574,556.455574,556.4724912,556.7065245,space,0.2394044,None,556.7073043,0.6996204,0.9993979,557.7170651,557.718881,557.7372274,557.7372274,557.7372274,559.320281,729,1,[1.582699699793011],[1.5827104998752475],final,1,2025-11-06_14h28.07.913,INTENTIONAL BINDING EXPERIMENT,,2025.1.1,60.1635486,2025-11-06 14h28.13.896664 +0530
0.4,1000,exp,285,10,8,space,0.3371008,None,543,1,[1.4989760001190007],[1.4989861999638379],8,10,106,7,559.3369391,,559.3205612,559.3369391,560.321701,560.321701,560.3385767,560.6727673,space,0.3371008,None,560.6735233,0.4159592,0.7164429,561.406088,561.4068293,561.4379129,561.4379129,561.4379129,562.9372864,543,1,[1.4989760001190007],[1.4989861999638379],final,1,2025-11-06_14h28.07.913,INTENTIONAL BINDING EXPERIMENT,,2025.1.1,60.1635486,2025-11-06 14h28.13.896664 +0530
0.7,1000,exp,286,11,8,space,15.4285726,None,593,1,[1.583546499721706],[1.5835604998283088],8,11,107,11,562.9535502,,562.9375718,562.9535502,563.9547185,563.9547185,563.9547185,579.3857946,space,15.4285726,None,579.3869604,0.7159072,1.0161204,580.4162843,580.4169589,580.4326923,580.4326923,580.4326923,582.0166189,593,1,[1.583546499721706],[1.5835604998283088],final,1,2025-11-06_14h28.07.913,INTENTIONAL BINDING EXPERIMENT,,2025.1.1,60.1635486,2025-11-06 14h28.13.896664 +0530
0.4,1000,exp,287,0,9,space,0.3701259,None,500,1,[1.5665578003972769],[1.5665754000656307],9,0,108,4,582.0332356,,582.0169824,582.0332356,583.0166486,583.0166486,583.0349876,583.4025075,space,0.3701259,None,583.4036087,0.4159379,0.7149719,584.1350583,584.1355975,584.1490906,584.1490906,584.1490906,585.7160251,500,1,[1.5665578003972769],[1.5665754000656307],final,1,2025-11-06_14h28.07.913,INTENTIONAL BINDING EXPERIMENT,,2025.1.1,60.1635486,2025-11-06 14h28.13.896664 +0530
0.1,400,unexp,288,1,9,space,0.3261785,None,234,1,[2.7153692999854684],[2.7153787999413908],9,1,109,0,585.7328288,,585.7163106,585.7328288,586.7160536,586.7160536,586.7339743,587.0515531,space,0.3261785,None,587.052317,0.1147744,0.4159254,587.4845893,587.4852294,587.516378,587.516378,587.516378,590.2321304,234,1,[2.7153692999854684],[2.7153787999413908],final,1,2025-11-06_14h28.07.913,INTENTIONAL BINDING EXPERIMENT,,2025.1.1,60.1635486,2025-11-06 14h28.13.896664 +0530
0.7,1000,exp,289,2,9,space,1.2461283,None,488,1,[1.9495611996389925],[1.9495744998566806],9,2,110,8,590.24843,,590.2324041,590.24843,591.233019,591.233019,591.2501838,592.4839067,space,1.2461283,None,592.4846922,0.6994988,1.0163482,593.5018476,593.502409,593.5309823,593.5309823,593.5309823,595.4809457,488,1,[1.9495611996389925],[1.9495744998566806],final,1,2025-11-06_14h28.07.913,INTENTIONAL BINDING EXPERIMENT,,2025.1.1,60.1635486,2025-11-06 14h28.13.896664 +0530
0.7,400,unexp,290,3,9,space,0.2677317,None,543,1,[3.782891800161451],[3.7829026002436876],9,3,111,2,595.4980752,,595.4813149,595.4980752,596.4826232,596.4826232,596.4994211,596.7669698,space,0.2677317,None,596.767737,0.7156781,1.0317834,597.7995078,597.8001013,597.8308585,597.8308585,597.8308585,601.61415,543,1,[3.782891800161451],[3.7829026002436876],final,1,2025-11-06_14h28.07.913,INTENTIONAL BINDING EXPERIMENT,,2025.1.1,60.1635486,2025-11-06 14h28.13.896664 +0530
0.4,400,unexp,291,4,9,space,1.0599565,None,583,1,[1.8998642000369728],[1.8998770001344383],9,4,112,1,601.6298095,,601.6144362,601.6298095,602.6139095,602.6139095,602.6305805,603.6819828,space,1.0599565,None,603.682762,0.3993922,0.7000811,604.4031558,604.4037694,604.4301115,604.4301115,604.4301115,606.3304041,583,1,[1.8998642000369728],[1.8998770001344383],final,1,2025-11-06_14h28.07.913,INTENTIONAL BINDING EXPERIMENT,,2025.1.1,60.1635486,2025-11-06 14h28.13.896664 +0530
0.4,1000,exp,292,5,9,space,1.8240915,None,567,1,[1.967023499775678],[1.9670363999903202],9,5,113,7,606.3457461,,606.3307783,606.3457461,607.330602,607.330602,607.3469686,609.1640732,space,1.8240915,None,609.1648612,0.4165972,0.716884,609.8962162,609.8967645,609.911284,609.911284,609.911284,611.8787221,567,1,[1.967023499775678],[1.9670363999903202],final,1,2025-11-06_14h28.07.913,INTENTIONAL BINDING EXPERIMENT,,2025.1.1,60.1635486,2025-11-06 14h28.13.896664 +0530
0.7,1000,exp,293,6,9,space,0.2736913,None,578,1,[2.101298800203949],[2.1013090000487864],9,6,114,5,611.8942269,,611.8790704,611.8942269,612.8795358,612.8795358,612.8966306,613.1635595,space,0.2736913,None,613.1643249,0.6996046,0.9992659,614.1758127,614.176582,614.19364,614.19364,614.19364,616.2952769,578,1,[2.101298800203949],[2.1013090000487864],final,1,2025-11-06_14h28.07.913,INTENTIONAL BINDING EXPERIMENT,,2025.1.1,60.1635486,2025-11-06 14h28.13.896664 +0530
0.1,1000,exp,294,7,9,space,0.2863967,None,589,1,[1.2500738999806345],[1.2500867000781],9,7,115,3,616.3105486,,616.2955605,616.3105486,617.3127889,617.3127889,617.3127889,617.6113374,space,0.2863967,None,617.6120856,0.1013372,0.400865,618.0236542,618.0243774,618.0437044,618.0437044,618.0437044,619.2942003,589,1,[1.2500738999806345],[1.2500867000781],final,1,2025-11-06_14h28.07.913,INTENTIONAL BINDING EXPERIMENT,,2025.1.1,60.1635486,2025-11-06 14h28.13.896664 +0530
0.4,1000,exp,295,8,9,space,0.0110155,None,732,1,[3.9340523998253047],[3.9340654998086393],9,8,116,10,619.310347,,619.2945485,619.310347,620.2952748,620.2952748,620.3116661,620.3123248,space,0.0110155,None,620.3131463,0.3994022,0.7148068,621.0274282,621.028089,621.0593755,621.0593755,621.0593755,624.9938405,732,1,[3.9340523998253047],[3.9340654998086393],final,1,2025-11-06_14h28.07.913,INTENTIONAL BINDING EXPERIMENT,,2025.1.1,60.1635486,2025-11-06 14h28.13.896664 +0530
0.1,1000,exp,296,9,9,space,0.477289,None,473,1,[1.6345438002608716],[1.6345597999170423],9,9,117,9,625.009183,,624.9941971,625.009183,625.9947467,625.9947467,626.0108422,626.4782677,space,0.477289,None,626.4792968,0.0995353,0.3992188,626.8873821,626.888093,626.9083017,626.9083017,626.9083017,628.5432281,473,1,[1.6345438002608716],[1.6345597999170423],final,1,2025-11-06_14h28.07.913,INTENTIONAL BINDING EXPERIMENT,,2025.1.1,60.1635486,2025-11-06 14h28.13.896664 +0530
0.1,1000,exp,297,10,9,space,0.2440293,None,274,1,[1.7813974004238844],[1.781407400034368],9,10,118,6,628.5583498,,628.5435036,628.5583498,629.5604837,629.5604837,629.5604837,629.8106791,space,0.2440293,None,629.8115021,0.1001616,0.3996227,630.2286293,630.2292651,630.2602634,630.2602634,630.2602634,632.0420507,274,1,[1.7813974004238844],[1.781407400034368],final,1,2025-11-06_14h28.07.913,INTENTIONAL BINDING EXPERIMENT,,2025.1.1,60.1635486,2025-11-06 14h28.13.896664 +0530
0.7,1000,exp,298,11,9,space,0.8590115,None,953,1,[2.1997275999747217],[2.1997372996993363],9,11,119,11,632.0575636,,632.0423341,632.0575636,633.0432578,633.0432578,633.0599349,633.9103388,space,0.8590115,None,633.9112522,0.7163202,1.0313506,634.9445568,634.9451832,634.974452,634.974452,634.974452,637.1745282,953,1,[2.1997275999747217],[2.1997372996993363],final,1,2025-11-06_14h28.07.913,INTENTIONAL BINDING EXPERIMENT,,2025.1.1,60.1635486,2025-11-06 14h28.13.896664 +0530
0.4,1000,exp,299,0,10,space,0.5111925,None,677,1,[1.9828548999503255],[1.9828661996871233],10,0,120,7,637.1902703,,637.1748164,637.1902703,638.1758019,638.1758019,638.1924788,638.6935194,space,0.5111925,None,638.6945684,0.3998073,0.7152395,639.4118836,639.4124305,639.4408756,639.4408756,639.4408756,641.4242513,677,1,[1.9828548999503255],[1.9828661996871233],final,1,2025-11-06_14h28.07.913,INTENTIONAL BINDING EXPERIMENT,,2025.1.1,60.1635486,2025-11-06 14h28.13.896664 +0530
0.7,1000,exp,300,1,10,space,0.2799362,None,295,1,[1.731330499984324],[1.7313403002917767],10,1,121,11,641.4394087,,641.4245367,641.4394087,642.4250057,642.4250057,642.4415794,642.7086513,space,0.2799362,None,642.7094095,0.7160847,1.0161349,643.7438036,643.7444213,643.7744534,643.7744534,643.7744534,645.5061589,295,1,[1.731330499984324],[1.7313403002917767],final,1,2025-11-06_14h28.07.913,INTENTIONAL BINDING EXPERIMENT,,2025.1.1,60.1635486,2025-11-06 14h28.13.896664 +0530
0.7,400,unexp,301,2,10,space,0.2851204,None,382,1,[1.9334072000347078],[1.9334166999906301],10,2,122,2,645.5224435,,645.5064429,645.5224435,646.5076128,646.5076128,646.5225168,646.808098,space,0.2851204,None,646.808815,0.699202,0.9995454,647.8156139,647.8162352,647.8384845,647.8384845,647.8384845,649.7722433,382,1,[1.9334072000347078],[1.9334166999906301],final,1,2025-11-06_14h28.07.913,INTENTIONAL BINDING EXPERIMENT,,2025.1.1,60.1635486,2025-11-06 14h28.13.896664 +0530
0.1,1000,exp,302,3,10,space,0.7647147,None,563,1,[1.7674874002113938],[1.7674974999390543],10,3,123,3,649.788295,,649.7725276,649.788295,650.7739406,650.7739406,650.7903738,651.5406379,space,0.7647147,None,651.5416712,0.0998257,0.3991597,651.9537019,651.9542593,651.970935,651.970935,651.970935,653.7387504,563,1,[1.7674874002113938],[1.7674974999390543],final,1,2025-11-06_14h28.07.913,INTENTIONAL BINDING EXPERIMENT,,2025.1.1,60.1635486,2025-11-06 14h28.13.896664 +0530
0.4,1000,exp,303,4,10,space,0.3607768,None,503,1,[1.5824687001295388],[1.5824784003198147],10,4,124,10,653.7544296,,653.7390286,653.7544296,654.7383324,654.7383324,654.7559396,655.1070711,space,0.3607768,None,655.1081439,0.4160898,0.7153783,655.8401537,655.840766,655.8724531,655.8724531,655.8724531,657.4553103,503,1,[1.5824687001295388],[1.5824784003198147],final,1,2025-11-06_14h28.07.913,INTENTIONAL BINDING EXPERIMENT,,2025.1.1,60.1635486,2025-11-06 14h28.13.896664 +0530
0.4,1000,exp,304,5,10,space,0.3387907,None,925,1,[2.4670433001592755],[2.4670601999387145],10,5,125,4,657.4706184,,657.4555804,657.4706184,658.4554665,658.4554665,658.4723855,658.805503,space,0.3387907,None,658.8062358,0.4006827,0.7001304,659.5195845,659.5201928,659.5363069,659.5363069,659.5363069,662.0037896,925,1,[2.4670433001592755],[2.4670601999387145],final,1,2025-11-06_14h28.07.913,INTENTIONAL BINDING EXPERIMENT,,2025.1.1,60.1635486,2025-11-06 14h28.13.896664 +0530
0.4,400,unexp,305,6,10,space,0.6550127,None,583,1,[1.9670525002293289],[1.967064700089395],10,6,126,1,662.0199137,,662.0040607,662.0199137,663.0033176,663.0033176,663.0224431,663.6723378,space,0.6550127,None,663.673135,0.3992051,0.6993465,664.3808343,664.3816616,664.4022565,664.4022565,664.4022565,666.3697024,583,1,[1.9670525002293289],[1.967064700089395],final,1,2025-11-06_14h28.07.913,INTENTIONAL BINDING EXPERIMENT,,2025.1.1,60.1635486,2025-11-06 14h28.13.896664 +0530
0.7,1000,exp,306,7,10,space,0.3176589,None,585,1,[4.950102200265974],[4.950125399976969],10,7,127,5,666.3856816,,666.3700376,666.3856816,667.3692138,667.3692138,667.3853693,667.7031463,space,0.3176589,None,667.703871,0.6998443,0.9997479,668.7138783,668.7154023,668.7348619,668.7348619,668.7348619,673.6854199,585,1,[4.950102200265974],[4.950125399976969],final,1,2025-11-06_14h28.07.913,INTENTIONAL BINDING EXPERIMENT,,2025.1.1,60.1635486,2025-11-06 14h28.13.896664 +0530
0.7,1000,exp,307,8,10,space,0.3672266,None,729,1,[4.066387900151312],[4.066403499804437],10,8,128,8,673.7008434,,673.6857783,673.7008434,674.6864204,674.6864204,674.7029941,675.0688562,space,0.3672266,None,675.0695401,0.7003181,1.0007399,676.0817719,676.082525,676.1003308,676.1003308,676.1003308,680.1671374,729,1,[4.066387900151312],[4.066403499804437],final,1,2025-11-06_14h28.07.913,INTENTIONAL BINDING EXPERIMENT,,2025.1.1,60.1635486,2025-11-06 14h28.13.896664 +0530
0.1,400,unexp,308,9,10,space,0.3909353,None,759,1,[1.3171800998970866],[1.3171926997601986],10,9,129,0,680.1829128,,680.1675096,680.1829128,681.1673713,681.1673713,681.1849019,681.5692693,space,0.3909353,None,681.5700471,0.0992843,0.3994619,681.9802906,681.9809053,681.9995023,681.9995023,681.9995023,683.3170789,759,1,[1.3171800998970866],[1.3171926997601986],final,1,2025-11-06_14h28.07.913,INTENTIONAL BINDING EXPERIMENT,,2025.1.1,60.1635486,2025-11-06 14h28.13.896664 +0530
0.1,1000,exp,309,10,10,space,0.3681337,None,395,1,[2.100499500054866],[2.1005094000138342],10,10,130,9,683.3327913,,683.3173562,683.3327913,684.3179451,684.3179451,684.3347466,684.7022978,space,0.3681337,None,684.7032831,0.1159028,0.4157341,685.1307222,685.1316119,685.1486663,685.1486663,685.1486663,687.2495001,395,1,[2.100499500054866],[2.1005094000138342],final,1,2025-11-06_14h28.07.913,INTENTIONAL BINDING EXPERIMENT,,2025.1.1,60.1635486,2025-11-06 14h28.13.896664 +0530
0.1,1000,exp,310,11,10,space,0.5501573,None,634,1,[1.9154595001600683],[1.9154703002423048],10,11,131,6,687.2656405,,687.2498076,687.2656405,688.2498005,688.2498005,688.2676942,688.8014768,space,0.5501573,None,688.8022637,0.1144371,0.4152543,689.2362088,689.2368451,689.26645,689.26645,689.26645,691.1822806,634,1,[1.9154595001600683],[1.9154703002423048],final,1,2025-11-06_14h28.07.913,INTENTIONAL BINDING EXPERIMENT,,2025.1.1,60.1635486,2025-11-06 14h28.13.896664 +0530
0.7,1000,exp,311,0,11,space,0.5745595,None,932,1,[1.9986368999816477],[1.9986494998447597],11,0,132,8,691.1980053,,691.1825526,691.1980053,692.1836521,692.1836521,692.199847,692.767064,space,0.5745595,None,692.7678359,0.7154854,1.0328357,693.8042185,693.8047909,693.8319906,693.8319906,693.8319906,695.8310667,932,1,[1.9986368999816477],[1.9986494998447597],final,1,2025-11-06_14h28.07.913,INTENTIONAL BINDING EXPERIMENT,,2025.1.1,60.1635486,2025-11-06 14h28.13.896664 +0530
0.1,1000,exp,312,1,11,space,0.4284145,None,739,1,[1.5821076999418437],[1.5821183999069035],11,1,133,6,695.8475335,,695.8313924,695.8475335,696.8316956,696.8316956,696.8494686,697.2662364,space,0.4284145,None,697.2670046,0.0996287,0.3995318,697.684881,697.6854919,697.7146249,697.7146249,697.7146249,699.2970923,739,1,[1.5821076999418437],[1.5821183999069035],final,1,2025-11-06_14h28.07.913,INTENTIONAL BINDING EXPERIMENT,,2025.1.1,60.1635486,2025-11-06 14h28.13.896664 +0530
0.1,1000,exp,313,2,11,space,0.3128487,None,589,1,[1.6319250999949872],[1.6319351000711322],11,2,134,9,699.3144243,,699.2973673,699.3144243,700.29891,700.29891,700.315456,700.615246,space,0.3128487,None,700.6161458,0.1004497,0.4000683,701.0337652,701.0343412,701.0649249,701.0649249,701.0649249,702.6972708,589,1,[1.6319250999949872],[1.6319351000711322],final,1,2025-11-06_14h28.07.913,INTENTIONAL BINDING EXPERIMENT,,2025.1.1,60.1635486,2025-11-06 14h28.13.896664 +0530
0.4,1000,exp,314,3,11,space,0.2662701,None,722,1,[1.4332492998801172],[1.4332654001191258],11,3,135,4,702.7127379,,702.6975442,702.7127379,703.6981266,703.6981266,703.7145486,703.9655156,space,0.2662701,None,703.9665562,0.3990826,0.7142071,704.681597,704.6832859,704.6968825,704.6968825,704.6968825,706.1306101,722,1,[1.4332492998801172],[1.4332654001191258],final,1,2025-11-06_14h28.07.913,INTENTIONAL BINDING EXPERIMENT,,2025.1.1,60.1635486,2025-11-06 14h28.13.896664 +0530
0.7,1000,exp,315,4,11,space,0.3442588,None,128,1,[8.58310589985922],[8.58312049973756],11,4,136,5,706.1460506,,706.1310346,706.1460506,707.1312267,707.1312267,707.1471513,707.4815774,space,0.3442588,None,707.4826169,0.7142805,1.014352,708.5104307,708.5115946,708.5283049,708.5283049,708.5283049,717.111794,128,1,[8.58310589985922],[8.58312049973756],final,1,2025-11-06_14h28.07.913,INTENTIONAL BINDING EXPERIMENT,,2025.1.1,60.1635486,2025-11-06 14h28.13.896664 +0530
0.4,400,unexp,316,5,11,space,0.5944233,None,234,1,[1.816437200177461],[1.816450099926442],11,5,137,1,717.1275906,,717.1120791,717.1275906,718.1124846,718.1124846,718.1290936,718.7129972,space,0.5944233,None,718.7138083,0.4161946,0.7163448,719.4411725,719.4417423,719.4610078,719.4610078,719.4610078,721.2779136,234,1,[1.816437200177461],[1.816450099926442],final,1,2025-11-06_14h28.07.913,INTENTIONAL BINDING EXPERIMENT,,2025.1.1,60.1635486,2025-11-06 14h28.13.896664 +0530
0.4,1000,exp,317,6,11,space,0.7548541,None,432,1,[1.500187600031495],[1.5001986999996006],11,6,138,10,721.2928634,,721.278281,721.2928634,722.2782579,722.2782579,722.2950065,723.0456155,space,0.7548541,None,723.0463548,0.399816,0.6990783,723.7616302,723.7622408,723.7757947,723.7757947,723.7757947,725.276313,432,1,[1.500187600031495],[1.5001986999996006],final,1,2025-11-06_14h28.07.913,INTENTIONAL BINDING EXPERIMENT,,2025.1.1,60.1635486,2025-11-06 14h28.13.896664 +0530
0.7,400,unexp,318,7,11,space,0.3561467,None,353,1,[1.8509428999386728],[1.8509535999037325],11,7,139,2,725.2923088,,725.2765979,725.2923088,726.2778383,726.2778383,726.2923485,726.6451936,space,0.3561467,None,726.6459652,0.6991003,0.9987405,727.6546238,727.6557691,727.6750895,727.6750895,727.6750895,729.5264067,353,1,[1.8509428999386728],[1.8509535999037325],final,1,2025-11-06_14h28.07.913,INTENTIONAL BINDING EXPERIMENT,,2025.1.1,60.1635486,2025-11-06 14h28.13.896664 +0530
0.7,1000,exp,319,8,11,space,0.4288746,None,947,1,[1.8682154002599418],[1.8682284001260996],11,8,140,11,729.5416732,,729.526707,729.5416732,730.527169,730.527169,730.5433553,730.9607002,space,0.4288746,None,730.9614719,0.6992838,1.0149507,731.9789726,731.9794929,732.0078575,732.0078575,732.0078575,733.8764703,947,1,[1.8682154002599418],[1.8682284001260996],final,1,2025-11-06_14h28.07.913,INTENTIONAL BINDING EXPERIMENT,,2025.1.1,60.1635486,2025-11-06 14h28.13.896664 +0530
0.1,1000,exp,320,9,11,space,0.3675626,None,749,1,[1.7813170002773404],[1.7813300001434982],11,9,141,3,733.8909411,,733.8768349,733.8909411,734.8760447,734.8760447,734.8930113,735.2605621,space,0.3675626,None,735.2615646,0.0994377,0.398785,735.6787876,735.6794146,735.7091579,735.7091579,735.7091579,737.4909004,749,1,[1.7813170002773404],[1.7813300001434982],final,1,2025-11-06_14h28.07.913,INTENTIONAL BINDING EXPERIMENT,,2025.1.1,60.1635486,2025-11-06 14h28.13.896664 +0530
0.4,1000,exp,321,10,11,space,0.3116592,None,628,1,[3.4511111001484096],[3.45112119987607],11,10,142,7,737.5076556,,737.4912775,737.5076556,738.4926395,738.4926395,738.5090205,738.8076244,space,0.3116592,None,738.8085136,0.4017024,0.7157178,739.5296984,739.5301072,739.5560978,739.5560978,739.5560978,743.0075558,628,1,[3.4511111001484096],[3.45112119987607],final,1,2025-11-06_14h28.07.913,INTENTIONAL BINDING EXPERIMENT,,2025.1.1,60.1635486,2025-11-06 14h28.13.896664 +0530
0.1,400,unexp,322,11,11,space,0.7897175,None,745,1,[4.983222599606961],[4.98323529958725],11,11,143,0,743.0224138,,743.0078541,743.0224138,744.0080469,744.0080469,744.0245968,744.8072825,space,0.7897175,None,744.808372,0.101101,0.4005603,745.2231218,745.2248418,745.2388792,745.2388792,745.2388792,750.2224854,745,1,[4.983222599606961],[4.98323529958725],final,1,2025-11-06_14h28.07.913,INTENTIONAL BINDING EXPERIMENT,,2025.1.1,60.1635486,2025-11-06 14h28.13.896664 +0530
0.7,1000,exp,323,0,12,space,0.3183103,None,358,1,[3.1184800998307765],[3.118490600027144],12,0,144,5,750.238274,,750.2228384,750.238274,751.2237256,751.2237256,751.2405728,751.5581527,space,0.3183103,None,751.5589256,0.715714,1.0158965,752.5853611,752.586133,752.6045173,752.6045173,752.6045173,755.7233676,358,1,[3.1184800998307765],[3.118490600027144],final,1,2025-11-06_14h28.07.913,INTENTIONAL BINDING EXPERIMENT,,2025.1.1,60.1635486,2025-11-06 14h28.13.896664 +0530
0.7,1000,exp,324,1,12,space,0.5534526,None,801,1,[2.2009661998599768],[2.200975999701768],12,1,145,8,755.737419,,755.7236439,755.737419,756.7382789,756.7382789,756.7382789,757.3066636,space,0.5534526,None,757.3075545,0.7146625,1.0156802,758.3353352,758.3361352,758.3531079,758.3531079,758.3531079,760.5544034,801,1,[2.2009661998599768],[2.200975999701768],final,1,2025-11-06_14h28.07.913,INTENTIONAL BINDING EXPERIMENT,,2025.1.1,60.1635486,2025-11-06 14h28.13.896664 +0530
0.7,400,unexp,325,2,12,space,0.343418,None,804,1,[3.483245000243187],[3.4832557002082467],12,2,146,2,760.5704132,,760.5546738,760.5704132,761.5540891,761.5540891,761.5702788,761.9048351,space,0.343418,None,761.9055854,0.7001404,1.0005286,762.9207147,762.9212953,762.9533294,762.9533294,762.9533294,766.4369743,804,1,[3.483245000243187],[3.4832557002082467],final,1,2025-11-06_14h28.07.913,INTENTIONAL BINDING EXPERIMENT,,2025.1.1,60.1635486,2025-11-06 14h28.13.896664 +0530
0.1,1000,exp,326,3,12,space,0.5334183,None,347,1,[2.9661673000082374],[2.96618269989267],12,3,147,3,766.4522356,,766.4372782,766.4522356,767.4372867,767.4372867,767.4546582,767.9715267,space,0.5334183,None,767.9723271,0.0996658,0.3995646,768.3823102,768.3828734,768.402687,768.402687,768.402687,771.3693061,347,1,[2.9661673000082374],[2.96618269989267],final,1,2025-11-06_14h28.07.913,INTENTIONAL BINDING EXPERIMENT,,2025.1.1,60.1635486,2025-11-06 14h28.13.896664 +0530
0.1,400,unexp,327,4,12,space,0.3606446,None,476,1,[2.5828956002369523],[2.582905299961567],12,4,148,0,771.3846372,,771.369672,771.3846372,772.3704102,772.3704102,772.386567,772.7371919,space,0.3606446,None,772.7381947,0.1148445,0.4155841,773.1721216,773.1727252,773.2021585,773.2021585,773.2021585,775.7854234,476,1,[2.5828956002369523],[2.582905299961567],final,1,2025-11-06_14h28.07.913,INTENTIONAL BINDING EXPERIMENT,,2025.1.1,60.1635486,2025-11-06 14h28.13.896664 +0530
0.1,1000,exp,328,5,12,space,0.335913,None,394,1,[2.299048400018364],[2.2990586003288627],12,5,149,9,775.8007172,,775.7857111,775.8007172,776.7861693,776.7861693,776.8028588,777.1367946,space,0.335913,None,777.1376432,0.0994449,0.39959,777.5566432,777.5572784,777.5855091,777.5855091,777.5855091,779.8849231,394,1,[2.299048400018364],[2.2990586003288627],final,1,2025-11-06_14h28.07.913,INTENTIONAL BINDING EXPERIMENT,,2025.1.1,60.1635486,2025-11-06 14h28.13.896664 +0530
0.7,1000,exp,329,6,12,space,0.0776275,None,543,1,[1.9830571003258228],[1.9830689001828432],12,6,150,11,779.9000854,,779.885215,779.9000854,780.8841427,780.8841427,780.9021672,780.9686118,space,0.0776275,None,780.969545,0.6998821,1.0155298,781.9844169,781.984919,782.0171178,782.0171178,782.0171178,784.0005877,543,1,[1.9830571003258228],[1.9830689001828432],final,1,2025-11-06_14h28.07.913,INTENTIONAL BINDING EXPERIMENT,,2025.1.1,60.1635486,2025-11-06 14h28.13.896664 +0530
0.4,400,unexp,330,7,12,space,0.44409,None,793,1,[1.5657739001326263],[1.5657851002179086],12,7,151,1,784.0174602,,784.0009071,784.0174602,785.0003382,785.0003382,785.0175462,785.4517015,space,0.44409,None,785.4524902,0.3999614,0.7146239,786.1666762,786.1673202,786.2001381,786.2001381,786.2001381,787.766328,793,1,[1.5657739001326263],[1.5657851002179086],final,1,2025-11-06_14h28.07.913,INTENTIONAL BINDING EXPERIMENT,,2025.1.1,60.1635486,2025-11-06 14h28.13.896664 +0530
0.1,1000,exp,331,8,12,space,0.3967076,None,123,1,[1.8507665996439755],[1.8507786998525262],12,8,152,6,787.7820058,,787.7666076,787.7820058,788.7822576,788.7822576,788.7822576,789.1835045,space,0.3967076,None,789.1842432,0.101103,0.400761,789.5986661,789.5992616,789.6148052,789.6148052,789.6148052,791.4659613,123,1,[1.8507665996439755],[1.8507786998525262],final,1,2025-11-06_14h28.07.913,INTENTIONAL BINDING EXPERIMENT,,2025.1.1,60.1635486,2025-11-06 14h28.13.896664 +0530
0.4,1000,exp,332,9,12,space,2.1926511,None,100,1,[1.733681600075215],[1.7336919996887445],12,9,153,4,791.4816881,,791.4663158,791.4816881,792.4666603,792.4666603,792.48334,794.6677592,space,2.1926511,None,794.6688356,0.4146005,0.7152151,795.399071,795.3996523,795.4142655,795.4142655,795.4142655,797.1482765,100,1,[1.733681600075215],[1.7336919996887445],final,1,2025-11-06_14h28.07.913,INTENTIONAL BINDING EXPERIMENT,,2025.1.1,60.1635486,2025-11-06 14h28.13.896664 +0530
0.4,1000,exp,333,10,12,space,0.3153236,None,200,1,[3.417016700375825],[3.417029400356114],12,10,154,7,797.164057,,797.1485529,797.164057,798.149184,798.149184,798.1662209,798.4653428,space,0.3153236,None,798.4660876,0.4009456,0.7172125,799.1866672,799.1872604,799.2133478,799.2133478,799.2133478,802.6307707,200,1,[3.417016700375825],[3.417029400356114],final,1,2025-11-06_14h28.07.913,INTENTIONAL BINDING EXPERIMENT,,2025.1.1,60.1635486,2025-11-06 14h28.13.896664 +0530
0.4,1000,exp,334,11,12,space,1.2443456,None,222,1,[2.0334795000962913],[2.0334931001998484],12,11,155,10,802.6462766,,802.6311262,802.6462766,803.6315731,803.6315731,803.6474839,804.8824268,space,1.2443456,None,804.8832718,0.3990461,0.6990149,805.5961191,805.5967018,805.6125271,805.6125271,805.6125271,807.6463915,222,1,[2.0334795000962913],[2.0334931001998484],final,1,2025-11-06_14h28.07.913,INTENTIONAL BINDING EXPERIMENT,,2025.1.1,60.1635486,2025-11-06 14h28.13.896664 +0530
0.7,1000,exp,335,0,13,space,0.500333,None,423,1,[2.5665188999846578],[2.566532799974084],13,0,156,8,807.6623835,,807.6467958,807.6623835,808.6476124,808.6476124,808.6646439,809.1635342,space,0.500333,None,809.1642311,0.7155541,1.0166939,810.1932275,810.1939511,810.2117669,810.2117669,810.2117669,812.7787056,423,1,[2.5665188999846578],[2.566532799974084],final,1,2025-11-06_14h28.07.913,INTENTIONAL BINDING EXPERIMENT,,2025.1.1,60.1635486,2025-11-06 14h28.13.896664 +0530
0.4,1000,exp,336,1,13,space,0.342335,None,444,1,[1.7009972003288567],[1.701007400173694],13,1,157,10,812.7943649,,812.7790694,812.7943649,813.7790702,813.7790702,813.7956302,814.1297308,space,0.342335,None,814.1306866,0.4157838,0.7153492,814.8582173,814.8590573,814.8775038,814.8775038,814.8775038,816.5788457,444,1,[1.7009972003288567],[1.701007400173694],final,1,2025-11-06_14h28.07.913,INTENTIONAL BINDING EXPERIMENT,,2025.1.1,60.1635486,2025-11-06 14h28.13.896664 +0530
0.4,1000,exp,337,2,13,space,0.3619724,None,300,1,[3.1314253997989],[3.131434999871999],13,2,158,4,816.5940732,,816.5791334,816.5940732,817.5793336,817.5793336,817.5957526,817.9468867,space,0.3619724,None,817.9476719,0.3995337,0.6992316,818.6636296,818.6642835,818.6958035,818.6958035,818.6958035,821.8275964,300,1,[3.1314253997989],[3.131434999871999],final,1,2025-11-06_14h28.07.913,INTENTIONAL BINDING EXPERIMENT,,2025.1.1,60.1635486,2025-11-06 14h28.13.896664 +0530
0.4,1000,exp,338,3,13,space,0.3104381,None,40,1,[1.867729999590665],[1.8677411996759474],13,3,159,7,821.8437026,,821.8278686,821.8437026,822.8288696,822.8288696,822.8454576,823.1446161,space,0.3104381,None,823.1456407,0.4006279,0.7006381,823.8606987,823.8613457,823.875857,823.875857,823.875857,825.7439319,40,1,[1.867729999590665],[1.8677411996759474],final,1,2025-11-06_14h28.07.913,INTENTIONAL BINDING EXPERIMENT,,2025.1.1,60.1635486,2025-11-06 14h28.13.896664 +0530
0.1,1000,exp,339,4,13,space,0.6380616,None,50,1,[1.4337457004003227],[1.4337584003806114],13,4,160,9,825.7587758,,825.7442143,825.7587758,826.7432393,826.7432393,826.7598851,827.394521,space,0.6380616,None,827.3956059,0.1167106,0.4157563,827.8248049,827.8253437,827.8420078,827.8420078,827.8420078,829.2761314,50,1,[1.4337457004003227],[1.4337584003806114],final,1,2025-11-06_14h28.07.913,INTENTIONAL BINDING EXPERIMENT,,2025.1.1,60.1635486,2025-11-06 14h28.13.896664 +0530
0.4,400,unexp,340,5,13,space,0.363221,None,798,1,[2.265726299956441],[2.2657393999397755],13,5,161,1,829.2918193,,829.2764755,829.2918193,830.2758946,830.2758946,830.2928381,830.6432505,space,0.363221,None,830.6440837,0.39952,0.7008971,831.3580048,831.3587012,831.3931164,831.3931164,831.3931164,833.6592828,798,1,[2.265726299956441],[2.2657393999397755],final,1,2025-11-06_14h28.07.913,INTENTIONAL BINDING EXPERIMENT,,2025.1.1,60.1635486,2025-11-06 14h28.13.896664 +0530
0.7,1000,exp,341,6,13,space,1.1665292,None,666,1,[3.5142405997030437],[3.514251499902457],13,6,162,11,833.6743378,,833.6596539,833.6743378,834.6602585,834.6602585,834.6753346,835.8422515,space,1.1665292,None,835.8430142,0.7009753,1.0007986,836.8608253,836.8614564,836.8926585,836.8926585,836.8926585,840.4072971,666,1,[3.5142405997030437],[3.514251499902457],final,1,2025-11-06_14h28.07.913,INTENTIONAL BINDING EXPERIMENT,,2025.1.1,60.1635486,2025-11-06 14h28.13.896664 +0530
0.7,400,unexp,342,7,13,space,0.5556261,None,557,1,[2.116466300096363],[2.1164758997038007],13,7,163,2,840.4242509,,840.4075852,840.4242509,841.4086355,841.4086355,841.4258083,841.9762204,space,0.5556261,None,841.9770466,0.716088,1.0324267,843.0090257,843.0097494,843.0405449,843.0405449,843.0405449,845.1574362,557,1,[2.116466300096363],[2.1164758997038007],final,1,2025-11-06_14h28.07.913,INTENTIONAL BINDING EXPERIMENT,,2025.1.1,60.1635486,2025-11-06 14h28.13.896664 +0530
0.1,400,unexp,343,8,13,space,0.3677675,None,475,1,[1.7668844000436366],[1.7668969999067485],13,8,164,0,845.1727088,,845.1577471,845.1727088,846.1577444,846.1577444,846.1735115,846.5404371,space,0.3677675,None,846.5412095,0.1010278,0.4004651,846.9532827,846.9540278,846.9721014,846.9721014,846.9721014,848.7393552,475,1,[1.7668844000436366],[1.7668969999067485],final,1,2025-11-06_14h28.07.913,INTENTIONAL BINDING EXPERIMENT,,2025.1.1,60.1635486,2025-11-06 14h28.13.896664 +0530
0.7,1000,exp,344,9,13,space,0.0124194,None,888,1,[2.8486886001192033],[2.848699300084263],13,9,165,5,848.7562476,,848.7396824,848.7562476,849.7406066,849.7406066,849.7574952,849.7581926,space,0.0124194,None,849.7590611,0.7148447,1.0156327,850.7915305,850.7921389,850.8234449,850.8234449,850.8234449,853.6725332,888,1,[2.8486886001192033],[2.848699300084263],final,1,2025-11-06_14h28.07.913,INTENTIONAL BINDING EXPERIMENT,,2025.1.1,60.1635486,2025-11-06 14h28.13.896664 +0530
0.1,1000,exp,345,10,13,space,0.1372246,None,455,1,[2.117129800375551],[2.1171452002599835],13,10,166,6,853.6888192,,853.6728127,853.6888192,854.6739273,854.6739273,854.6899868,854.8241183,space,0.1372246,None,854.8251828,0.099027,0.3992523,855.2386577,855.2393103,855.2540499,855.2540499,855.2540499,857.3715706,455,1,[2.117129800375551],[2.1171452002599835],final,1,2025-11-06_14h28.07.913,INTENTIONAL BINDING EXPERIMENT,,2025.1.1,60.1635486,2025-11-06 14h28.13.896664 +0530
0.1,1000,exp,346,11,13,space,0.3727668,None,345,1,[1.5000138999894261],[1.5000233999453485],13,11,167,3,857.387055,,857.371936,857.387055,858.3725564,858.3725564,858.3885337,858.75503,space,0.3727668,None,858.7557863,0.1011944,0.4174145,859.1726485,859.1732267,859.1878718,859.1878718,859.1878718,860.6882244,345,1,[1.5000138999894261],[1.5000233999453485],final,1,2025-11-06_14h28.07.913,INTENTIONAL BINDING EXPERIMENT,,2025.1.1,60.1635486,2025-11-06 14h28.13.896664 +0530
0.7,1000,exp,347,0,14,space,0.4103709,None,885,1,[2.633317200001329],[2.633329899981618],14,0,168,5,860.7035254,,860.6885114,860.7035254,861.703356,861.703356,861.703356,862.1230435,space,0.4103709,None,862.124214,0.699117,0.999294,863.1331481,863.1337526,863.1532265,863.1532265,863.1532265,865.7869643,885,1,[2.633317200001329],[2.633329899981618],final,1,2025-11-06_14h28.07.913,INTENTIONAL BINDING EXPERIMENT,,2025.1.1,60.1635486,2025-11-06 14h28.13.896664 +0530
0.1,400,unexp,348,1,14,space,0.2892944,None,444,1,[2.7173120002262294],[2.7173212999477983],14,1,169,0,865.8022404,,865.7873201,865.8022404,866.7877513,866.7877513,866.8051104,867.0887796,space,0.2892944,None,867.0895421,0.0995309,0.4143988,867.5100995,867.5106543,867.5359117,867.5359117,867.5359117,870.2535885,444,1,[2.7173120002262294],[2.7173212999477983],final,1,2025-11-06_14h28.07.913,INTENTIONAL BINDING EXPERIMENT,,2025.1.1,60.1635486,2025-11-06 14h28.13.896664 +0530
0.7,1000,exp,349,2,14,space,0.0104542,None,889,1,[2.5494353999383748],[2.5494478000327945],14,2,170,8,870.2691096,,870.2538845,870.2691096,871.2683058,871.2683058,871.2683058,871.2883191,space,0.0104542,None,871.2893906,0.6991679,1.0150923,872.3036338,872.3042067,872.3191884,872.3191884,872.3191884,874.868985,889,1,[2.5494353999383748],[2.5494478000327945],final,1,2025-11-06_14h28.07.913,INTENTIONAL BINDING EXPERIMENT,,2025.1.1,60.1635486,2025-11-06 14h28.13.896664 +0530
0.7,1000,exp,350,3,14,space,0.3634015,None,777,1,[3.5336839999072254],[3.5336974998936057],14,3,171,11,874.8842661,,874.8692634,874.8842661,875.8691919,875.8691919,875.886459,876.2370263,space,0.3634015,None,876.2378187,0.7147937,1.0162455,877.267409,877.2680332,877.2837022,877.2837022,877.2837022,880.8177733,777,1,[3.5336839999072254],[3.5336974998936057],final,1,2025-11-06_14h28.07.913,INTENTIONAL BINDING EXPERIMENT,,2025.1.1,60.1635486,2025-11-06 14h28.13.896664 +0530
0.4,1000,exp,351,4,14,space,2.8400216,None,556,1,[2.666973900049925],[2.6669850000180304],14,4,172,10,880.8334845,,880.8181492,880.8334845,881.8187445,881.8187445,881.8342926,884.669005,space,2.8400216,None,884.6700262,0.3994705,0.7142186,885.3866366,885.3870766,885.4161144,885.4161144,885.4161144,888.0834932,556,1,[2.666973900049925],[2.6669850000180304],final,1,2025-11-06_14h28.07.913,INTENTIONAL BINDING EXPERIMENT,,2025.1.1,60.1635486,2025-11-06 14h28.13.896664 +0530
0.4,1000,exp,352,5,14,space,0.4878749,None,465,1,[6.06649489980191],[6.0665079997852445],14,5,173,4,888.09874,,888.0837802,888.09874,889.0844945,889.0844945,889.0994371,889.5846497,space,0.4878749,None,889.5854119,0.4161465,0.7158918,890.3110574,890.3121884,890.3317193,890.3317193,890.3317193,896.3986231,465,1,[6.06649489980191],[6.0665079997852445],final,1,2025-11-06_14h28.07.913,INTENTIONAL BINDING EXPERIMENT,,2025.1.1,60.1635486,2025-11-06 14h28.13.896664 +0530
0.7,400,unexp,353,6,14,space,2.0348573,None,766,1,[2.5838007000274956],[2.5838100002147257],14,6,174,2,896.4144701,,896.3990121,896.4144701,897.4000218,897.4000218,897.4165831,899.4499984,space,2.0348573,None,899.4507985,0.6992054,1.0163664,900.4674414,900.4679605,900.4970863,900.4970863,900.4970863,903.0813434,766,1,[2.5838007000274956],[2.5838100002147257],final,1,2025-11-06_14h28.07.913,INTENTIONAL BINDING EXPERIMENT,,2025.1.1,60.1635486,2025-11-06 14h28.13.896664 +0530
0.4,1000,exp,354,7,14,space,2.2312086,None,777,1,[1.983958300203085],[1.9839678998105228],14,7,175,7,903.0963224,,903.0817123,903.0963224,904.0821897,904.0821897,904.0971007,906.3158281,space,2.2312086,None,906.316594,0.4155775,0.7157147,907.0460988,907.0467672,907.0622057,907.0622057,907.0622057,909.046533,777,1,[1.983958300203085],[1.9839678998105228],final,1,2025-11-06_14h28.07.913,INTENTIONAL BINDING EXPERIMENT,,2025.1.1,60.1635486,2025-11-06 14h28.13.896664 +0530
0.1,1000,exp,355,8,14,space,2.2387687,None,687,1,[1.86484199995175],[1.864852299913764],14,8,176,6,909.0626627,,909.0468219,909.0626627,910.0478059,910.0478059,910.0640364,912.2981494,space,2.2387687,None,912.2989255,0.0993439,0.3989432,912.7160372,912.7166748,912.7465918,912.7465918,912.7465918,914.6118067,687,1,[1.86484199995175],[1.864852299913764],final,1,2025-11-06_14h28.07.913,INTENTIONAL BINDING EXPERIMENT,,2025.1.1,60.1635486,2025-11-06 14h28.13.896664 +0530
0.1,1000,exp,356,9,14,space,0.6533793,None,756,1,[1.9316503000445664],[1.9316628002561629],14,9,177,3,914.6284884,,914.6120987,914.6284884,915.6119252,915.6119252,915.6301459,916.2806568,space,0.6533793,None,916.2816976,0.1157713,0.41575,916.7127443,916.7133242,916.7457998,916.7457998,916.7457998,918.6778534,756,1,[1.9316503000445664],[1.9316628002561629],final,1,2025-11-06_14h28.07.913,INTENTIONAL BINDING EXPERIMENT,,2025.1.1,60.1635486,2025-11-06 14h28.13.896664 +0530
0.4,400,unexp,357,10,14,space,0.3807723,None,945,1,[6.85004199994728],[6.850054599810392],14,10,178,1,918.6949115,,918.67819,918.6949115,919.6797288,919.6797288,919.6958672,920.061301,space,0.3807723,None,920.0621712,0.4011244,0.7009973,920.7760411,920.7767014,920.7933777,920.7933777,920.7933777,927.6438159,945,1,[6.85004199994728],[6.850054599810392],final,1,2025-11-06_14h28.07.913,INTENTIONAL BINDING EXPERIMENT,,2025.1.1,60.1635486,2025-11-06 14h28.13.896664 +0530
0.1,1000,exp,358,11,14,space,0.6427977,None,333,1,[1.7344533000141382],[1.7344630002044141],14,11,179,9,927.65879,,927.6441682,927.65879,928.6445606,928.6445606,928.6615212,929.2934545,space,0.6427977,None,929.2944186,0.0990424,0.4011166,929.7060741,929.7068421,929.7250576,929.7250576,929.7250576,931.4598388,333,1,[1.7344533000141382],[1.7344630002044141],final,1,2025-11-06_14h28.07.913,INTENTIONAL BINDING EXPERIMENT,,2025.1.1,60.1635486,2025-11-06 14h28.13.896664 +0530
0.7,1000,exp,359,0,15,space,0.2299461,None,887,1,[2.4836575998924673],[2.4836701001040637],15,0,180,11,931.4753442,,931.4601369,931.4753442,932.46041,932.46041,932.4773216,932.6944153,space,0.2299461,None,932.6951786,0.6995204,1.016144,933.7149709,933.7155192,933.7409784,933.7409784,933.7409784,936.2250078,887,1,[2.4836575998924673],[2.4836701001040637],final,1,2025-11-06_14h28.07.913,INTENTIONAL BINDING EXPERIMENT,,2025.1.1,60.1635486,2025-11-06 14h28.13.896664 +0530
0.1,1000,exp,360,1,15,space,4.3838385,None,999,1,[2.2843400998972356],[2.2843503998592496],15,1,181,6,936.2407668,,936.2252924,936.2407668,937.2250103,937.2250103,937.2432874,941.6099138,space,4.3838385,None,941.610855,0.1140299,0.4159719,942.0427469,942.0433337,942.0563365,942.0563365,942.0563365,944.341009,999,1,[2.2843400998972356],[2.2843503998592496],final,1,2025-11-06_14h28.07.913,INTENTIONAL BINDING EXPERIMENT,,2025.1.1,60.1635486,2025-11-06 14h28.13.896664 +0530
0.7,1000,exp,361,2,15,space,1.498136,None,701,1,[2.4661588999442756],[2.4661717996932566],15,2,182,5,944.3569722,,944.3412834,944.3569722,945.3421477,945.3421477,945.3588323,946.8422483,space,1.498136,None,946.8430214,0.7158845,1.0310848,947.8790235,947.8795338,947.9064078,947.9064078,947.9064078,950.372998,701,1,[2.4661588999442756],[2.4661717996932566],final,1,2025-11-06_14h28.07.913,INTENTIONAL BINDING EXPERIMENT,,2025.1.1,60.1635486,2025-11-06 14h28.13.896664 +0530
0.1,1000,exp,362,3,15,space,0.6986138,None,190,1,[1.8992480002343655],[1.899260800331831],15,3,183,9,950.3883958,,950.3732766,950.3883958,951.3741654,951.3741654,951.3909677,952.0747116,space,0.6986138,None,952.0757276,0.1163302,0.4330349,952.5089376,952.5096417,952.5393022,952.5393022,952.5393022,954.4389853,190,1,[1.8992480002343655],[1.899260800331831],final,1,2025-11-06_14h28.07.913,INTENTIONAL BINDING EXPERIMENT,,2025.1.1,60.1635486,2025-11-06 14h28.13.896664 +0530
0.1,400,unexp,363,4,15,space,1.2097682,None,502,1,[2.8311453997157514],[2.831157799810171],15,4,184,0,954.4551451,,954.4393544,954.4551451,955.439087,955.439087,955.4566775,956.6567668,space,1.2097682,None,956.6577971,0.1001072,0.3995147,957.0736112,957.0742024,957.1062696,957.1062696,957.1062696,959.9378247,502,1,[2.8311453997157514],[2.831157799810171],final,1,2025-11-06_14h28.07.913,INTENTIONAL BINDING EXPERIMENT,,2025.1.1,60.1635486,2025-11-06 14h28.13.896664 +0530
0.4,1000,exp,364,5,15,space,0.6634846,None,250,1,[5.331409600097686],[5.331419200170785],15,5,185,10,959.9546985,,959.9381574,959.9546985,960.9388728,960.9388728,960.9544497,961.6057412,space,0.6634846,None,961.6065041,0.4000353,0.6999682,962.3237418,962.3243463,962.3550869,962.3550869,962.3550869,967.6869026,250,1,[5.331409600097686],[5.331419200170785],final,1,2025-11-06_14h28.07.913,INTENTIONAL BINDING EXPERIMENT,,2025.1.1,60.1635486,2025-11-06 14h28.13.896664 +0530
0.4,1000,exp,365,6,15,space,0.3216969,None,231,1,[2.799171600025147],[2.799187900032848],15,6,186,4,967.7023013,,967.6871778,967.7023013,968.6862629,968.6862629,968.7041231,969.0219094,space,0.3216969,None,969.0226841,0.39924,0.714379,969.736576,969.7371499,969.7532235,969.7532235,969.7532235,972.5527433,231,1,[2.799171600025147],[2.799187900032848],final,1,2025-11-06_14h28.07.913,INTENTIONAL BINDING EXPERIMENT,,2025.1.1,60.1635486,2025-11-06 14h28.13.896664 +0530
0.7,400,unexp,366,7,15,space,1.1511544,None,543,1,[2.6004819003865123],[2.60049149999395],15,7,187,2,972.5681675,,972.5530216,972.5681675,973.5521687,973.5521687,973.5699567,974.7197727,space,1.1511544,None,974.7205889,0.7008016,0.9999243,975.729746,975.7303331,975.7512195,975.7512195,975.7512195,978.3520308,543,1,[2.6004819003865123],[2.60049149999395],final,1,2025-11-06_14h28.07.913,INTENTIONAL BINDING EXPERIMENT,,2025.1.1,60.1635486,2025-11-06 14h28.13.896664 +0530
0.1,1000,exp,367,8,15,space,0.878038,None,768,1,[1.9837922002188861],[1.9838109998963773],15,8,188,3,978.3671918,,978.3523037,978.3671918,979.3510222,979.3510222,979.3679503,980.2344395,space,0.878038,None,980.235077,0.0993037,0.4015869,980.647674,980.6484721,980.6666575,980.6666575,980.6666575,982.6508764,768,1,[1.9837922002188861],[1.9838109998963773],final,1,2025-11-06_14h28.07.913,INTENTIONAL BINDING EXPERIMENT,,2025.1.1,60.1635486,2025-11-06 14h28.13.896664 +0530
0.7,1000,exp,368,9,15,space,0.5864494,None,578,1,[2.5146885998547077],[2.514698799699545],15,9,189,8,982.6664722,,982.651228,982.6664722,983.6518707,983.6518707,983.6690853,984.251813,space,0.5864494,None,984.2524553,0.7152249,1.0169444,985.2880224,985.2886788,985.3183874,985.3183874,985.3183874,987.8335099,578,1,[2.5146885998547077],[2.514698799699545],final,1,2025-11-06_14h28.07.913,INTENTIONAL BINDING EXPERIMENT,,2025.1.1,60.1635486,2025-11-06 14h28.13.896664 +0530
0.4,1000,exp,369,10,15,space,0.3653045,None,878,1,[2.9509919998236],[2.9510011998936534],15,10,190,7,987.8493099,,987.8338674,987.8493099,988.832469,988.832469,988.8492437,989.2003742,space,0.3653045,None,989.2013469,0.3993664,0.698882,989.9145101,989.9149353,989.9317888,989.9317888,989.9317888,992.883163,878,1,[2.9509919998236],[2.9510011998936534],final,1,2025-11-06_14h28.07.913,INTENTIONAL BINDING EXPERIMENT,,2025.1.1,60.1635486,2025-11-06 14h28.13.896664 +0530
0.4,400,unexp,370,11,15,space,0.9069339,None,430,1,[2.91751809976995],[2.917530099861324],15,11,191,1,992.8990062,,992.8835438,992.8990062,993.881739,993.881739,993.8987511,994.7993901,space,0.9069339,None,994.8003291,0.3996355,0.6995399,995.515443,995.5160729,995.5306514,995.5306514,995.5306514,998.4486433,430,1,[2.91751809976995],[2.917530099861324],final,1,2025-11-06_14h28.07.913,INTENTIONAL BINDING EXPERIMENT,,2025.1.1,60.1635486,2025-11-06 14h28.13.896664 +0530
0.1,400,unexp,371,0,16,space,9.6461244,None,123,1,[1.7855198998004198],[1.7855336000211537],16,0,192,0,998.4642067,,998.4489441,998.4642067,999.4484668,999.4484668,999.4653937,1009.098276,space,9.6461244,None,1009.099234,0.1167373,0.4318208,1009.535583,1009.536165,1009.56228,1009.56228,1009.56228,1011.348271,123,1,[1.7855198998004198],[1.7855336000211537],final,1,2025-11-06_14h28.07.913,INTENTIONAL BINDING EXPERIMENT,,2025.1.1,60.1635486,2025-11-06 14h28.13.896664 +0530
0.4,1000,exp,372,1,16,space,0.3621457,None,700,1,[2.350562000181526],[2.3505730000324547],16,1,193,7,1011.363415,,1011.348681,1011.363415,1012.36316,1012.36316,1012.36316,1012.729821,space,0.3621457,None,1012.730724,0.3998697,0.6998431,1013.445761,1013.446315,1013.478369,1013.478369,1013.478369,1015.829334,700,1,[2.350562000181526],[2.3505730000324547],final,1,2025-11-06_14h28.07.913,INTENTIONAL BINDING EXPERIMENT,,2025.1.1,60.1635486,2025-11-06 14h28.13.896664 +0530
0.1,1000,exp,373,2,16,space,0.3938716,None,543,1,[2.119020000100136],[2.119029799941927],16,2,194,6,1015.8446,,1015.829671,1015.8446,1016.844444,1016.844444,1016.844444,1017.244579,space,0.3938716,None,1017.245444,0.1000786,0.400227,1017.662461,1017.66291,1017.67681,1017.67681,1017.67681,1019.79618,543,1,[2.119020000100136],[2.119029799941927],final,1,2025-11-06_14h28.07.913,INTENTIONAL BINDING EXPERIMENT,,2025.1.1,60.1635486,2025-11-06 14h28.13.896664 +0530
0.7,1000,exp,374,3,16,space,0.3455834,None,879,1,[4.082329799886793],[4.0823391997255385],16,3,195,5,1019.811495,,1019.796469,1019.811495,1020.796108,1020.796108,1020.812798,1021.146741,space,0.3455834,None,1021.147526,0.6993255,1.0145146,1022.165099,1022.165681,1022.194629,1022.194629,1022.194629,1026.277337,879,1,[4.082329799886793],[4.0823391997255385],final,1,2025-11-06_14h28.07.913,INTENTIONAL BINDING EXPERIMENT,,2025.1.1,60.1635486,2025-11-06 14h28.13.896664 +0530
0.1,1000,exp,375,4,16,space,0.5777761,None,675,1,[2.2829807000234723],[2.2829931997694075],16,4,196,9,1026.292926,,1026.277627,1026.292926,1027.278628,1027.278628,1027.29523,1027.862023,space,0.5777761,None,1027.862802,0.0996252,0.3994477,1028.273363,1028.274016,1028.293531,1028.293531,1028.293531,1030.57694,675,1,[2.2829807000234723],[2.2829931997694075],final,1,2025-11-06_14h28.07.913,INTENTIONAL BINDING EXPERIMENT,,2025.1.1,60.1635486,2025-11-06 14h28.13.896664 +0530
0.4,400,unexp,376,5,16,space,0.2982635,None,621,1,[44.84097790019587],[44.84098839992657],16,5,197,1,1030.592125,,1030.577303,1030.592125,1031.59239,1031.59239,1031.59239,1031.894842,space,0.2982635,None,1031.895615,0.4142322,0.7157926,1032.628024,1032.628642,1032.660319,1032.660319,1032.660319,1077.501702,621,1,[44.84097790019587],[44.84098839992657],final,1,2025-11-06_14h28.07.913,INTENTIONAL BINDING EXPERIMENT,,2025.1.1,60.1635486,2025-11-06 14h28.13.896664 +0530
0.7,1000,exp,377,6,16,space,0.3446735,None,145,1,[1.700061499606818],[1.7000709995627403],16,6,198,11,1077.518509,,1077.502001,1077.518509,1078.501538,1078.501538,1078.517826,1078.853754,space,0.3446735,None,1078.854538,0.6996543,0.9990439,1079.868775,1079.869692,1079.901582,1079.901582,1079.901582,1081.60202,145,1,[1.700061499606818],[1.7000709995627403],final,1,2025-11-06_14h28.07.913,INTENTIONAL BINDING EXPERIMENT,,2025.1.1,60.1635486,2025-11-06 14h28.13.896664 +0530
0.7,1000,exp,378,7,16,space,0.4368622,None,87,1,[1.1507630003616214],[1.1507731000892818],16,7,199,8,1081.617166,,1081.602307,1081.617166,1082.616781,1082.616781,1082.616781,1083.067353,space,0.4368622,None,1083.068043,0.7016189,1.00159,1084.081189,1084.082009,1084.099672,1084.099672,1084.099672,1085.250781,87,1,[1.1507630003616214],[1.1507731000892818],final,1,2025-11-06_14h28.07.913,INTENTIONAL BINDING EXPERIMENT,,2025.1.1,60.1635486,2025-11-06 14h28.13.896664 +0530
0.4,1000,exp,379,8,16,space,4.0511395,None,467,1,[2.9982924996875226],[2.998305599670857],16,8,200,10,1085.267166,,1085.251055,1085.267166,1086.24997,1086.24997,1086.266828,1090.302398,space,4.0511395,None,1090.303413,0.4158781,0.7156978,1091.038376,1091.038971,1091.067574,1091.067574,1091.067574,1094.066286,467,1,[2.9982924996875226],[2.998305599670857],final,1,2025-11-06_14h28.07.913,INTENTIONAL BINDING EXPERIMENT,,2025.1.1,60.1635486,2025-11-06 14h28.13.896664 +0530
0.1,1000,exp,380,9,16,space,1.8001867,None,170,1,[1.8667314001359046],[1.8667426998727024],16,9,201,3,1094.08244,,1094.066659,1094.08244,1095.067241,1095.067241,1095.08415,1096.882536,space,1.8001867,None,1096.883362,0.1013774,0.4008831,1097.296356,1097.297103,1097.314367,1097.314367,1097.314367,1099.181425,170,1,[1.8667314001359046],[1.8667426998727024],final,1,2025-11-06_14h28.07.913,INTENTIONAL BINDING EXPERIMENT,,2025.1.1,60.1635486,2025-11-06 14h28.13.896664 +0530
0.4,1000,exp,381,10,16,space,0.5236268,None,412,1,[2.016313800122589],[2.0163269001059234],16,10,202,4,1099.197529,,1099.18172,1099.197529,1100.183175,1100.183175,1100.19977,1100.716799,space,0.5236268,None,1100.717565,0.3994751,0.6992567,1101.437484,1101.438187,1101.464493,1101.464493,1101.464493,1103.481221,412,1,[2.016313800122589],[2.0163269001059234],final,1,2025-11-06_14h28.07.913,INTENTIONAL BINDING EXPERIMENT,,2025.1.1,60.1635486,2025-11-06 14h28.13.896664 +0530
0.7,400,unexp,382,11,16,space,0.4881783,None,690,1,[4.666802200023085],[4.666815100237727],16,11,203,2,1103.496846,,1103.481609,1103.496846,1104.480705,1104.480705,1104.497244,1104.983082,space,0.4881783,None,1104.983853,0.7156126,1.0158265,1106.011452,1106.012017,1106.029517,1106.029517,1106.029517,1110.696755,690,1,[4.666802200023085],[4.666815100237727],final,1,2025-11-06_14h28.07.913,INTENTIONAL BINDING EXPERIMENT,,2025.1.1,60.1635486,2025-11-06 14h28.13.896664 +0530
0.7,1000,exp,383,0,17,space,0.6972118,None,711,1,[3.0001165997236967],[3.0001293001696467],17,0,204,8,1110.712145,,1110.697109,1110.712145,1111.697987,1111.697987,1111.714609,1112.398797,space,0.6972118,None,1112.399884,0.6993859,1.0153855,1113.419313,1113.419865,1113.445694,1113.445694,1113.445694,1116.446239,711,1,[3.0001165997236967],[3.0001293001696467],final,1,2025-11-06_14h28.07.913,INTENTIONAL BINDING EXPERIMENT,,2025.1.1,60.1635486,2025-11-06 14h28.13.896664 +0530
0.1,1000,exp,384,1,17,space,1.3492812,None,119,1,[3.5328231998719275],[3.53283300017938],17,1,205,6,1116.46135,,1116.446617,1116.46135,1117.461887,1117.461887,1117.461887,1118.814431,space,1.3492812,None,1118.815187,0.1158741,0.4155008,1119.239672,1119.240425,1119.261203,1119.261203,1119.261203,1122.794366,119,1,[3.5328231998719275],[3.53283300017938],final,1,2025-11-06_14h28.07.913,INTENTIONAL BINDING EXPERIMENT,,2025.1.1,60.1635486,2025-11-06 14h28.13.896664 +0530
0.4,1000,exp,385,2,17,space,0.6906169,None,981,1,[2.6647526999004185],[2.66476249974221],17,2,206,10,1122.810733,,1122.79464,1122.810733,1123.795862,1123.795862,1123.812498,1124.496262,space,0.6906169,None,1124.497033,0.3996833,0.699399,1125.213571,1125.214165,1125.24526,1125.24526,1125.24526,1127.910397,981,1,[2.6647526999004185],[2.66476249974221],final,1,2025-11-06_14h28.07.913,INTENTIONAL BINDING EXPERIMENT,,2025.1.1,60.1635486,2025-11-06 14h28.13.896664 +0530
0.1,400,unexp,386,3,17,space,0.6029299,None,856,1,[2.1351731000468135],[2.135182899888605],17,3,207,0,1127.926133,,1127.910684,1127.926133,1128.911747,1128.911747,1128.928362,1129.527046,space,0.6029299,None,1129.527763,0.1012924,0.4004523,1129.939327,1129.939939,1129.95825,1129.95825,1129.95825,1132.093776,856,1,[2.1351731000468135],[2.135182899888605],final,1,2025-11-06_14h28.07.913,INTENTIONAL BINDING EXPERIMENT,,2025.1.1,60.1635486,2025-11-06 14h28.13.896664 +0530
0.7,1000,exp,387,4,17,space,0.4844006,None,955,1,[3.483607599977404],[3.4836177001707256],17,4,208,5,1132.10927,,1132.094114,1132.10927,1133.109103,1133.109103,1133.109103,1133.594588,space,0.4844006,None,1133.595397,0.6994211,0.9997606,1134.609436,1134.610451,1134.624721,1134.624721,1134.624721,1138.108654,955,1,[3.483607599977404],[3.4836177001707256],final,1,2025-11-06_14h28.07.913,INTENTIONAL BINDING EXPERIMENT,,2025.1.1,60.1635486,2025-11-06 14h28.13.896664 +0530
0.4,1000,exp,388,5,17,space,0.7501192,None,297,1,[3.0317929997108877],[3.03180589992553],17,5,209,4,1138.125718,,1138.108935,1138.125718,1139.110018,1139.110018,1139.126699,1139.86085,space,0.7501192,None,1139.861621,0.4142241,0.7138487,1140.595182,1140.595909,1140.625712,1140.625712,1140.625712,1143.657941,297,1,[3.0317929997108877],[3.03180589992553],final,1,2025-11-06_14h28.07.913,INTENTIONAL BINDING EXPERIMENT,,2025.1.1,60.1635486,2025-11-06 14h28.13.896664 +0530
0.7,400,unexp,389,6,17,space,0.8608504,None,134,1,[2.1155677000060678],[2.1155770998448133],17,6,210,2,1143.673301,,1143.658298,1143.673301,1144.659503,1144.659503,1144.67426,1145.525948,space,0.8608504,None,1145.526718,0.6993953,0.9994786,1146.545361,1146.545969,1146.574628,1146.574628,1146.574628,1148.690608,134,1,[2.1155677000060678],[2.1155770998448133],final,1,2025-11-06_14h28.07.913,INTENTIONAL BINDING EXPERIMENT,,2025.1.1,60.1635486,2025-11-06 14h28.13.896664 +0530
0.1,1000,exp,390,7,17,space,1.4889978,None,736,1,[4.765730699989945],[4.765745799988508],17,7,211,9,1148.706031,,1148.690884,1148.706031,1149.691572,1149.691572,1149.707994,1151.192164,space,1.4889978,None,1151.192961,0.1154363,0.41552,1151.625505,1151.626188,1151.657323,1151.657323,1151.657323,1156.423546,736,1,[4.765730699989945],[4.765745799988508],final,1,2025-11-06_14h28.07.913,INTENTIONAL BINDING EXPERIMENT,,2025.1.1,60.1635486,2025-11-06 14h28.13.896664 +0530
0.7,1000,exp,391,8,17,space,0.7404502,None,72,1,[2.7841157000511885],[2.784125200007111],17,8,212,11,1156.438064,,1156.423951,1156.438064,1157.423731,1157.423731,1157.438801,1158.174423,space,0.7404502,None,1158.175255,0.7140648,1.015699,1159.205486,1159.206104,1159.220728,1159.220728,1159.220728,1162.00519,72,1,[2.7841157000511885],[2.784125200007111],final,1,2025-11-06_14h28.07.913,INTENTIONAL BINDING EXPERIMENT,,2025.1.1,60.1635486,2025-11-06 14h28.13.896664 +0530
0.4,400,unexp,392,9,17,space,0.5658597,None,31,1,[2.466764799784869],[2.466774499975145],17,9,213,1,1162.020246,,1162.005484,1162.020246,1163.005374,1163.005374,1163.021771,1163.573917,space,0.5658597,None,1163.574681,0.4149862,0.714059,1164.307025,1164.307472,1164.337886,1164.337886,1164.337886,1166.805002,31,1,[2.466764799784869],[2.466774499975145],final,1,2025-11-06_14h28.07.913,INTENTIONAL BINDING EXPERIMENT,,2025.1.1,60.1635486,2025-11-06 14h28.13.896664 +0530
0.4,1000,exp,393,10,17,space,0.7496134,None,64,1,[2.8667407003231347],[2.8667599000036716],17,10,214,7,1166.819846,,1166.805286,1166.819846,1167.820023,1167.820023,1167.820023,1168.570271,space,0.7496134,None,1168.571155,0.4005992,0.701148,1169.287674,1169.288318,1169.302497,1169.302497,1169.302497,1172.16963,64,1,[2.8667407003231347],[2.8667599000036716],final,1,2025-11-06_14h28.07.913,INTENTIONAL BINDING EXPERIMENT,,2025.1.1,60.1635486,2025-11-06 14h28.13.896664 +0530
0.1,1000,exp,394,11,17,space,0.5362518,None,825,1,[4.85024549998343],[4.85025619994849],17,11,215,3,1172.18529,,1172.169958,1172.18529,1173.171603,1173.171603,1173.187796,1173.72166,space,0.5362518,None,1173.722452,0.0995479,0.3994161,1174.130087,1174.130691,1174.151952,1174.151952,1174.151952,1179.002556,825,1,[4.85024549998343],[4.85025619994849],final,1,2025-11-06_14h28.07.913,INTENTIONAL BINDING EXPERIMENT,,2025.1.1,60.1635486,2025-11-06 14h28.13.896664 +0530
0.1,1000,exp,395,0,18,space,0.4201993,None,640,1,[2.0653339000418782],[2.065347600262612],18,0,216,9,1179.018063,,1179.002841,1179.018063,1180.003376,1180.003376,1180.01964,1180.437305,space,0.4201993,None,1180.43833,0.1143591,0.4158466,1180.869396,1180.869977,1180.902278,1180.902278,1180.902278,1182.968039,640,1,[2.0653339000418782],[2.065347600262612],final,1,2025-11-06_14h28.07.913,INTENTIONAL BINDING EXPERIMENT,,2025.1.1,60.1635486,2025-11-06 14h28.13.896664 +0530
0.7,1000,exp,396,1,18,space,3.1491113,None,262,1,[4.499822499696165],[4.499832199886441],18,1,217,5,1182.984148,,1182.968397,1182.984148,1183.969009,1183.969009,1183.985854,1187.119862,space,3.1491113,None,1187.120631,0.7154406,1.0150197,1188.14617,1188.146809,1188.166034,1188.166034,1188.166034,1192.666192,262,1,[4.499822499696165],[4.499832199886441],final,1,2025-11-06_14h28.07.913,INTENTIONAL BINDING EXPERIMENT,,2025.1.1,60.1635486,2025-11-06 14h28.13.896664 +0530
0.4,1000,exp,397,2,18,space,1.1298566,None,563,1,[5.1317683001980186],[5.131781000178307],18,2,218,4,1192.681813,,1192.666475,1192.681813,1193.667489,1193.667489,1193.684489,1194.801644,space,1.1298566,None,1194.802481,0.4158246,0.7155999,1195.537916,1195.538536,1195.566378,1195.566378,1195.566378,1200.698711,563,1,[5.1317683001980186],[5.131781000178307],final,1,2025-11-06_14h28.07.913,INTENTIONAL BINDING EXPERIMENT,,2025.1.1,60.1635486,2025-11-06 14h28.13.896664 +0530
0.4,400,unexp,398,3,18,space,0.4591252,None,104,1,[3.032558100298047],[3.032575400080532],18,3,219,1,1200.714096,,1200.699072,1200.714096,1201.699575,1201.699575,1201.716483,1202.165029,space,0.4591252,None,1202.16603,0.4010113,0.6999898,1202.875716,1202.87695,1202.898131,1202.898131,1202.898131,1205.931237,104,1,[3.032558100298047],[3.032575400080532],final,1,2025-11-06_14h28.07.913,INTENTIONAL BINDING EXPERIMENT,,2025.1.1,60.1635486,2025-11-06 14h28.13.896664 +0530
0.7,1000,exp,399,4,18,space,0.4691511,None,488,1,[3.233585599809885],[3.233595199882984],18,4,220,11,1205.946929,,1205.931643,1205.946929,1206.932168,1206.932168,1206.946994,1207.416011,space,0.4691511,None,1207.417009,0.6995509,0.9991997,1208.431709,1208.432323,1208.4459,1208.4459,1208.4459,1211.679851,488,1,[3.233585599809885],[3.233595199882984],final,1,2025-11-06_14h28.07.913,INTENTIONAL BINDING EXPERIMENT,,2025.1.1,60.1635486,2025-11-06 14h28.13.896664 +0530
0.4,1000,exp,400,5,18,space,0.3611316,None,309,1,[2.3313572998158634],[2.331368399783969],18,5,221,10,1211.695757,,1211.680124,1211.695757,1212.681245,1212.681245,1212.697618,1213.048527,space,0.3611316,None,1213.049415,0.3993181,0.6993971,1213.766866,1213.767471,1213.797123,1213.797123,1213.797123,1216.128884,309,1,[2.3313572998158634],[2.331368399783969],final,1,2025-11-06_14h28.07.913,INTENTIONAL BINDING EXPERIMENT,,2025.1.1,60.1635486,2025-11-06 14h28.13.896664 +0530
0.1,1000,exp,401,6,18,space,0.4396111,None,436,1,[3.2499982002191246],[3.250008000060916],18,6,222,3,1216.144898,,1216.129164,1216.144898,1217.128752,1217.128752,1217.145709,1217.581057,space,0.4396111,None,1217.581863,0.0994681,0.3994635,1217.993213,1217.993868,1218.011365,1218.011365,1218.011365,1221.261696,436,1,[3.2499982002191246],[3.250008000060916],final,1,2025-11-06_14h28.07.913,INTENTIONAL BINDING EXPERIMENT,,2025.1.1,60.1635486,2025-11-06 14h28.13.896664 +0530
0.1,400,unexp,402,7,18,space,0.5402824,None,251,1,[2.4172320999205112],[2.4172450001351535],18,7,223,0,1221.277371,,1221.261985,1221.277371,1222.261057,1222.261057,1222.277943,1222.813516,space,0.5402824,None,1222.814371,0.1145247,0.4144695,1223.24143,1223.242025,1223.260228,1223.260228,1223.260228,1225.677873,251,1,[2.4172320999205112],[2.4172450001351535],final,1,2025-11-06_14h28.07.913,INTENTIONAL BINDING EXPERIMENT,,2025.1.1,60.1635486,2025-11-06 14h28.13.896664 +0530
0.4,1000,exp,403,8,18,space,0.3249069,None,590,1,[1.5501772002317011],[1.5501868003048003],18,8,224,7,1225.693872,,1225.678286,1225.693872,1226.679304,1226.679304,1226.695574,1227.012247,space,0.3249069,None,1227.013025,0.4000985,0.6995136,1227.731991,1227.732641,1227.759958,1227.759958,1227.759958,1229.310452,590,1,[1.5501772002317011],[1.5501868003048003],final,1,2025-11-06_14h28.07.913,INTENTIONAL BINDING EXPERIMENT,,2025.1.1,60.1635486,2025-11-06 14h28.13.896664 +0530
0.7,1000,exp,404,9,18,space,2.2254422,None,405,1,[1.6673714998178184],[1.6673812996596098],18,9,225,8,1229.325866,,1229.310734,1229.325866,1230.310038,1230.310038,1230.32842,1232.545267,space,2.2254422,None,1232.546037,0.6990053,0.9994052,1233.555188,1233.555887,1233.575241,1233.575241,1233.575241,1235.242947,405,1,[1.6673714998178184],[1.6673812996596098],final,1,2025-11-06_14h28.07.913,INTENTIONAL BINDING EXPERIMENT,,2025.1.1,60.1635486,2025-11-06 14h28.13.896664 +0530
0.1,1000,exp,405,10,18,space,0.4706437,None,285,1,[2.266380100045353],[2.2663896000012755],18,10,226,6,1235.258693,,1235.243227,1235.258693,1236.242697,1236.242697,1236.260325,1236.727801,space,0.4706437,None,1236.728605,0.0997982,0.3990983,1237.148624,1237.149332,1237.175301,1237.175301,1237.175301,1239.442058,285,1,[2.266380100045353],[2.2663896000012755],final,1,2025-11-06_14h28.07.913,INTENTIONAL BINDING EXPERIMENT,,2025.1.1,60.1635486,2025-11-06 14h28.13.896664 +0530
0.7,400,unexp,406,11,18,space,0.4279583,None,662,1,[1.7823323998600245],[1.78234179969877],18,11,227,2,1239.457844,,1239.442335,1239.457844,1240.443752,1240.443752,1240.458066,1240.877191,space,0.4279583,None,1240.877978,0.6992677,0.9997431,1241.89323,1241.893821,1241.925432,1241.925432,1241.925432,1243.708147,662,1,[1.7823323998600245],[1.78234179969877],final,1,2025-11-06_14h28.07.913,INTENTIONAL BINDING EXPERIMENT,,2025.1.1,60.1635486,2025-11-06 14h28.13.896664 +0530
